index,Hours,Lat,Long,UserID
0,18:01:00,-8.83828,13.23442,18
1,18:01:00,-4.32972,15.31497,22
2,18:01:00,5.319996,-4.04004,16
3,18:01:00,9.03331,38.7,11
4,18:01:00,10.78002,106.695,11
5,18:01:00,11.99997,8.520037,12
6,18:01:00,13.08998,80.27999,8
7,18:01:00,15.58807,32.53417,14
8,18:01:00,16.78335,96.16667,54
9,18:01:00,17.39998,78.47995,9
10,18:01:00,21.19998,72.84003,21
11,18:01:00,22.32999,91.79996,9
12,18:01:00,23.03005,72.58,29
13,18:01:00,23.04888,113.7447,7
14,18:01:00,23.09653,109.6091,1
15,18:01:00,23.14498,113.325,16
16,18:01:00,23.72305,90.40857,2
17,18:01:00,26.45999,80.31999,1
18,18:01:00,26.92113,75.80998,15
19,18:01:00,29.56497,106.5949,72
20,18:01:00,30.58003,114.27,57
21,18:01:00,30.67,104.07,40
22,18:01:00,31.55997,74.35002,16
23,18:01:00,32.05001,118.7799,27
24,18:01:00,33.33864,44.39386,28
25,18:01:00,33.59997,-7.61636,22
26,18:01:00,34.27502,108.8949,30
27,18:01:00,34.51669,69.18326,59
28,18:01:00,35.09505,129.01,6
29,18:01:00,35.67194,51.42434,15
30,18:01:00,37.87501,112.545,35
31,18:01:00,39.01943,125.7546,39
32,18:01:00,39.13002,117.2,25
33,18:01:00,41.80497,123.4499,10
34,18:01:00,43.865,125.3399,14
35,19:01:00,-8.83828,13.23442,24
36,19:01:00,-4.32972,15.31497,13
37,19:01:00,5.319996,-4.04004,9
38,19:01:00,9.03331,38.7,7
39,19:01:00,10.78002,106.695,13
40,19:01:00,11.99997,8.520037,8
41,19:01:00,13.08998,80.27999,14
42,19:01:00,15.58807,32.53417,13
43,19:01:00,16.78335,96.16667,75
44,19:01:00,17.39998,78.47995,8
45,19:01:00,21.19998,72.84003,42
46,19:01:00,22.32999,91.79996,18
47,19:01:00,23.03005,72.58,27
48,19:01:00,23.04888,113.7447,14
49,19:01:00,23.14498,113.325,23
50,19:01:00,23.72305,90.40857,10
51,19:01:00,26.45999,80.31999,7
52,19:01:00,26.92113,75.80998,20
53,19:01:00,29.56497,106.5949,63
54,19:01:00,30.58003,114.27,33
55,19:01:00,30.67,104.07,30
56,19:01:00,31.20001,29.94999,1
57,19:01:00,31.55997,74.35002,6
58,19:01:00,32.05001,118.7799,39
59,19:01:00,33.33864,44.39386,26
60,19:01:00,33.59997,-7.61636,13
61,19:01:00,34.27502,108.8949,19
62,19:01:00,34.51669,69.18326,8
63,19:01:00,35.09505,129.01,4
64,19:01:00,35.67194,51.42434,38
65,19:01:00,37.87501,112.545,26
66,19:01:00,39.01943,125.7546,325
67,19:01:00,39.13002,117.2,32
68,19:01:00,41.80497,123.4499,15
69,19:01:00,43.865,125.3399,8
70,20:01:00,-8.83828,13.23442,23
71,20:01:00,-4.32972,15.31497,17
72,20:01:00,5.319996,-4.04004,10
73,20:01:00,9.03331,38.7,62
74,20:01:00,10.78002,106.695,18
75,20:01:00,11.99997,8.520037,7
76,20:01:00,13.08998,80.27999,25
77,20:01:00,15.58807,32.53417,53
78,20:01:00,16.78335,96.16667,66
79,20:01:00,17.39998,78.47995,10
80,20:01:00,21.19998,72.84003,33
81,20:01:00,22.32999,91.79996,18
82,20:01:00,22.58039,88.32994,4
83,20:01:00,23.03005,72.58,43
84,20:01:00,23.04888,113.7447,10
85,20:01:00,23.14498,113.325,42
86,20:01:00,23.72305,90.40857,16
87,20:01:00,26.45999,80.31999,12
88,20:01:00,26.92113,75.80998,45
89,20:01:00,29.56497,106.5949,65
90,20:01:00,30.58003,114.27,46
91,20:01:00,30.67,104.07,59
92,20:01:00,31.20001,29.94999,2
93,20:01:00,31.55997,74.35002,23
94,20:01:00,32.05001,118.7799,37
95,20:01:00,33.33864,44.39386,46
96,20:01:00,33.59997,-7.61636,11
97,20:01:00,34.27502,108.8949,21
98,20:01:00,34.51669,69.18326,36
99,20:01:00,35.09505,129.01,17
100,20:01:00,35.67194,51.42434,7
101,20:01:00,37.87501,112.545,21
102,20:01:00,39.01943,125.7546,115
103,20:01:00,39.13002,117.2,12
104,20:01:00,41.80497,123.4499,26
105,20:01:00,43.865,125.3399,8
106,21:01:00,-8.83828,13.23442,56
107,21:01:00,-4.32972,15.31497,119
108,21:01:00,5.319996,-4.04004,7
109,21:01:00,9.03331,38.7,11
110,21:01:00,10.78002,106.695,19
111,21:01:00,11.99997,8.520037,8
112,21:01:00,13.08998,80.27999,23
113,21:01:00,15.58807,32.53417,45
114,21:01:00,16.78335,96.16667,70
115,21:01:00,17.39998,78.47995,22
116,21:01:00,21.19998,72.84003,58
117,21:01:00,22.32999,91.79996,28
118,21:01:00,22.58039,88.32994,4
119,21:01:00,23.03005,72.58,51
120,21:01:00,23.04888,113.7447,12
121,21:01:00,23.09653,109.6091,1
122,21:01:00,23.14498,113.325,27
123,21:01:00,23.72305,90.40857,26
124,21:01:00,26.45999,80.31999,18
125,21:01:00,26.92113,75.80998,51
126,21:01:00,29.56497,106.5949,93
127,21:01:00,30.58003,114.27,53
128,21:01:00,30.67,104.07,40
129,21:01:00,31.20001,29.94999,12
130,21:01:00,31.55997,74.35002,23
131,21:01:00,32.05001,118.7799,33
132,21:01:00,33.33864,44.39386,32
133,21:01:00,33.59997,-7.61636,6
134,21:01:00,34.27502,108.8949,21
135,21:01:00,34.51669,69.18326,26
136,21:01:00,35.09505,129.01,13
137,21:01:00,35.67194,51.42434,24
138,21:01:00,37.87501,112.545,18
139,21:01:00,39.01943,125.7546,3
140,21:01:00,39.13002,117.2,27
141,21:01:00,41.80497,123.4499,19
142,21:01:00,43.865,125.3399,4
143,22:01:00,-8.83828,13.23442,16
144,22:01:00,-4.32972,15.31497,31
145,22:01:00,5.319996,-4.04004,36
146,22:01:00,9.03331,38.7,16
147,22:01:00,10.78002,106.695,41
148,22:01:00,11.99997,8.520037,81
149,22:01:00,13.08998,80.27999,58
150,22:01:00,15.58807,32.53417,129
151,22:01:00,16.78335,96.16667,90
152,22:01:00,17.39998,78.47995,21
153,22:01:00,21.19998,72.84003,116
154,22:01:00,22.32999,91.79996,32
155,22:01:00,22.49496,88.32467,1
156,22:01:00,22.58039,88.32994,7
157,22:01:00,23.03005,72.58,55
158,22:01:00,23.04888,113.7447,18
159,22:01:00,23.14498,113.325,31
160,22:01:00,23.72305,90.40857,13
161,22:01:00,26.45999,80.31999,21
162,22:01:00,26.92113,75.80998,50
163,22:01:00,29.56497,106.5949,114
164,22:01:00,30.58003,114.27,35
165,22:01:00,30.67,104.07,40
166,22:01:00,31.20001,29.94999,2
167,22:01:00,31.55997,74.35002,12
168,22:01:00,32.05001,118.7799,21
169,22:01:00,33.33864,44.39386,28
170,22:01:00,33.59997,-7.61636,9
171,22:01:00,34.27502,108.8949,32
172,22:01:00,34.51669,69.18326,17
173,22:01:00,35.09505,129.01,24
174,22:01:00,35.67194,51.42434,28
175,22:01:00,37.87501,112.545,25
176,22:01:00,39.01943,125.7546,5
177,22:01:00,39.13002,117.2,33
178,22:01:00,41.80497,123.4499,9
179,22:01:00,43.865,125.3399,9
180,00:01:00,-8.83828,13.23442,58
181,00:01:00,-4.32972,15.31497,31
182,00:01:00,5.319996,-4.04004,93
183,00:01:00,9.03331,38.7,27
184,00:01:00,10.78002,106.695,21
185,00:01:00,11.99997,8.520037,67
186,00:01:00,13.08998,80.27999,60
187,00:01:00,15.58807,32.53417,129
188,00:01:00,16.78335,96.16667,68
189,00:01:00,17.39998,78.47995,27
190,00:01:00,18.53001,73.85,13
191,00:01:00,21.19998,72.84003,45
192,00:01:00,22.32999,91.79996,37
193,00:01:00,22.49496,88.32467,7
194,00:01:00,22.58039,88.32994,17
195,00:01:00,23.03005,72.58,95
196,00:01:00,23.04888,113.7447,26
197,00:01:00,23.14498,113.325,32
198,00:01:00,23.72305,90.40857,13
199,00:01:00,24.86999,66.99,3
200,00:01:00,26.45999,80.31999,31
201,00:01:00,26.92113,75.80998,75
202,00:01:00,29.56497,106.5949,44
203,00:01:00,30.58003,114.27,44
204,00:01:00,30.67,104.07,61
205,00:01:00,31.20001,29.94999,11
206,00:01:00,31.55997,74.35002,42
207,00:01:00,32.05001,118.7799,29
208,00:01:00,33.33864,44.39386,48
209,00:01:00,33.59997,-7.61636,36
210,00:01:00,34.27502,108.8949,20
211,00:01:00,34.51669,69.18326,67
212,00:01:00,35.09505,129.01,35
213,00:01:00,35.67194,51.42434,57
214,00:01:00,37.87501,112.545,32
215,00:01:00,39.01943,125.7546,6
216,00:01:00,39.13002,117.2,29
217,00:01:00,41.80497,123.4499,22
218,00:01:00,43.865,125.3399,3
219,01:01:00,-8.83828,13.23442,79
220,01:01:00,-4.32972,15.31497,68
221,01:01:00,5.319996,-4.04004,69
222,01:01:00,9.03331,38.7,20
223,01:01:00,10.78002,106.695,29
224,01:01:00,11.99997,8.520037,95
225,01:01:00,13.08998,80.27999,47
226,01:01:00,15.58807,32.53417,117
227,01:01:00,16.78335,96.16667,88
228,01:01:00,17.39998,78.47995,11
229,01:01:00,18.53001,73.85,11
230,01:01:00,21.19998,72.84003,36
231,01:01:00,22.32999,91.79996,30
232,01:01:00,22.49496,88.32467,17
233,01:01:00,22.58039,88.32994,17
234,01:01:00,23.03005,72.58,64
235,01:01:00,23.04888,113.7447,45
236,01:01:00,23.14498,113.325,45
237,01:01:00,23.72305,90.40857,20
238,01:01:00,24.86999,66.99,10
239,01:01:00,26.45999,80.31999,30
240,01:01:00,26.92113,75.80998,60
241,01:01:00,29.56497,106.5949,89
242,01:01:00,30.58003,114.27,43
243,01:01:00,30.67,104.07,69
244,01:01:00,31.20001,29.94999,7
245,01:01:00,31.55997,74.35002,48
246,01:01:00,32.05001,118.7799,55
247,01:01:00,33.33864,44.39386,71
248,01:01:00,33.59997,-7.61636,69
249,01:01:00,34.27502,108.8949,29
250,01:01:00,34.51669,69.18326,25
251,01:01:00,35.09505,129.01,55
252,01:01:00,35.67194,51.42434,75
253,01:01:00,37.87501,112.545,32
254,01:01:00,39.01943,125.7546,8
255,01:01:00,39.13002,117.2,28
256,01:01:00,41.80497,123.4499,20
257,01:01:00,43.865,125.3399,5
258,02:01:00,-8.83828,13.23442,68
259,02:01:00,-4.32972,15.31497,56
260,02:01:00,5.319996,-4.04004,98
261,02:01:00,9.03331,38.7,37
262,02:01:00,10.78002,106.695,49
263,02:01:00,11.99997,8.520037,76
264,02:01:00,13.08998,80.27999,66
265,02:01:00,15.58807,32.53417,165
266,02:01:00,16.78335,96.16667,102
267,02:01:00,17.39998,78.47995,31
268,02:01:00,18.53001,73.85,22
269,02:01:00,21.03332,105.85,5
270,02:01:00,21.19998,72.84003,46
271,02:01:00,22.32999,91.79996,30
272,02:01:00,22.49496,88.32467,27
273,02:01:00,22.58039,88.32994,19
274,02:01:00,23.03005,72.58,90
275,02:01:00,23.04888,113.7447,60
276,02:01:00,23.14498,113.325,85
277,02:01:00,23.72305,90.40857,20
278,02:01:00,24.86999,66.99,12
279,02:01:00,26.45999,80.31999,19
280,02:01:00,26.92113,75.80998,84
281,02:01:00,29.56497,106.5949,74
282,02:01:00,30.58003,114.27,50
283,02:01:00,30.67,104.07,61
284,02:01:00,31.20001,29.94999,6
285,02:01:00,31.55997,74.35002,45
286,02:01:00,32.05001,118.7799,60
287,02:01:00,33.33864,44.39386,33
288,02:01:00,33.59997,-7.61636,68
289,02:01:00,34.27502,108.8949,38
290,02:01:00,34.51669,69.18326,18
291,02:01:00,35.09505,129.01,45
292,02:01:00,35.67194,51.42434,108
293,02:01:00,37.87501,112.545,34
294,02:01:00,39.01943,125.7546,2
295,02:01:00,39.13002,117.2,37
296,02:01:00,39.92889,116.3882,11
297,02:01:00,41.80497,123.4499,15
298,02:01:00,43.865,125.3399,8
299,03:01:00,-8.83828,13.23442,103
300,03:01:00,-4.32972,15.31497,105
301,03:01:00,5.319996,-4.04004,77
302,03:01:00,9.03331,38.7,8
303,03:01:00,10.78002,106.695,80
304,03:01:00,11.99997,8.520037,65
305,03:01:00,13.08998,80.27999,86
306,03:01:00,15.58807,32.53417,135
307,03:01:00,16.78335,96.16667,93
308,03:01:00,17.39998,78.47995,24
309,03:01:00,18.53001,73.85,31
310,03:01:00,21.03332,105.85,28
311,03:01:00,21.19998,72.84003,69
312,03:01:00,22.32999,91.79996,26
313,03:01:00,22.49496,88.32467,32
314,03:01:00,22.58039,88.32994,41
315,03:01:00,23.03005,72.58,98
316,03:01:00,23.04888,113.7447,84
317,03:01:00,23.09653,109.6091,1
318,03:01:00,23.14498,113.325,102
319,03:01:00,23.72305,90.40857,26
320,03:01:00,24.86999,66.99,12
321,03:01:00,26.45999,80.31999,31
322,03:01:00,26.92113,75.80998,77
323,03:01:00,29.56497,106.5949,79
324,03:01:00,30.58003,114.27,51
325,03:01:00,30.67,104.07,47
326,03:01:00,31.20001,29.94999,8
327,03:01:00,31.55997,74.35002,72
328,03:01:00,32.05001,118.7799,51
329,03:01:00,33.33864,44.39386,58
330,03:01:00,33.59997,-7.61636,83
331,03:01:00,34.27502,108.8949,29
332,03:01:00,34.51669,69.18326,51
333,03:01:00,35.09505,129.01,70
334,03:01:00,35.67194,51.42434,87
335,03:01:00,37.87501,112.545,34
336,03:01:00,39.01943,125.7546,6
337,03:01:00,39.13002,117.2,23
338,03:01:00,39.92889,116.3882,9
339,03:01:00,41.80497,123.4499,13
340,03:01:00,43.865,125.3399,12
341,04:01:00,-8.83828,13.23442,71
342,04:01:00,-4.32972,15.31497,45
343,04:01:00,5.319996,-4.04004,58
344,04:01:00,9.03331,38.7,17
345,04:01:00,10.78002,106.695,92
346,04:01:00,11.99997,8.520037,59
347,04:01:00,13.08998,80.27999,148
348,04:01:00,15.58807,32.53417,163
349,04:01:00,16.78335,96.16667,133
350,04:01:00,17.39998,78.47995,55
351,04:01:00,18.53001,73.85,62
352,04:01:00,21.03332,105.85,45
353,04:01:00,21.19998,72.84003,62
354,04:01:00,22.32999,91.79996,35
355,04:01:00,22.49496,88.32467,38
356,04:01:00,22.58039,88.32994,51
357,04:01:00,23.03005,72.58,116
358,04:01:00,23.04888,113.7447,113
359,04:01:00,23.14498,113.325,177
360,04:01:00,23.72305,90.40857,61
361,04:01:00,24.86999,66.99,23
362,04:01:00,26.45999,80.31999,18
363,04:01:00,26.92113,75.80998,117
364,04:01:00,29.56497,106.5949,76
365,04:01:00,30.58003,114.27,73
366,04:01:00,30.67,104.07,56
367,04:01:00,31.20001,29.94999,9
368,04:01:00,31.55997,74.35002,84
369,04:01:00,32.05001,118.7799,66
370,04:01:00,33.33864,44.39386,50
371,04:01:00,33.59997,-7.61636,77
372,04:01:00,34.27502,108.8949,55
373,04:01:00,34.51669,69.18326,32
374,04:01:00,35.09505,129.01,121
375,04:01:00,35.67194,51.42434,67
376,04:01:00,37.87501,112.545,35
377,04:01:00,39.01943,125.7546,5
378,04:01:00,39.13002,117.2,35
379,04:01:00,39.92889,116.3882,11
380,04:01:00,41.80497,123.4499,14
381,04:01:00,43.865,125.3399,12
382,05:01:00,-8.83828,13.23442,55
383,05:01:00,-4.32972,15.31497,24
384,05:01:00,5.319996,-4.04004,142
385,05:01:00,9.03331,38.7,30
386,05:01:00,10.78002,106.695,150
387,05:01:00,11.99997,8.520037,66
388,05:01:00,12.96999,77.56,13
389,05:01:00,13.08998,80.27999,185
390,05:01:00,15.58807,32.53417,168
391,05:01:00,16.78335,96.16667,98
392,05:01:00,17.39998,78.47995,158
393,05:01:00,18.53001,73.85,52
394,05:01:00,21.03332,105.85,34
395,05:01:00,21.19998,72.84003,50
396,05:01:00,22.32999,91.79996,31
397,05:01:00,22.49496,88.32467,59
398,05:01:00,22.58039,88.32994,60
399,05:01:00,23.03005,72.58,143
400,05:01:00,23.04888,113.7447,119
401,05:01:00,23.09653,109.6091,1
402,05:01:00,23.14498,113.325,174
403,05:01:00,23.72305,90.40857,53
404,05:01:00,24.86999,66.99,14
405,05:01:00,26.45999,80.31999,17
406,05:01:00,26.92113,75.80998,129
407,05:01:00,29.56497,106.5949,79
408,05:01:00,30.58003,114.27,43
409,05:01:00,30.67,104.07,65
410,05:01:00,31.20001,29.94999,28
411,05:01:00,31.21645,121.4365,39
412,05:01:00,31.55997,74.35002,151
413,05:01:00,32.05001,118.7799,49
414,05:01:00,33.33864,44.39386,50
415,05:01:00,33.59997,-7.61636,107
416,05:01:00,34.27502,108.8949,54
417,05:01:00,34.51669,69.18326,69
418,05:01:00,35.09505,129.01,182
419,05:01:00,35.67194,51.42434,97
420,05:01:00,37.87501,112.545,41
421,05:01:00,39.01943,125.7546,4
422,05:01:00,39.13002,117.2,36
423,05:01:00,39.92889,116.3882,9
424,05:01:00,41.80497,123.4499,20
425,05:01:00,43.865,125.3399,11
426,06:01:00,-8.83828,13.23442,78
427,06:01:00,-6.80001,39.26834,16
428,06:01:00,-4.32972,15.31497,32
429,06:01:00,5.319996,-4.04004,57
430,06:01:00,9.03331,38.7,9
431,06:01:00,10.78002,106.695,230
432,06:01:00,11.99997,8.520037,52
433,06:01:00,12.96999,77.56,43
434,06:01:00,13.08998,80.27999,176
435,06:01:00,15.58807,32.53417,170
436,06:01:00,16.78335,96.16667,93
437,06:01:00,17.39998,78.47995,152
438,06:01:00,18.53001,73.85,74
439,06:01:00,21.03332,105.85,64
440,06:01:00,21.19998,72.84003,57
441,06:01:00,22.32999,91.79996,41
442,06:01:00,22.49496,88.32467,66
443,06:01:00,22.58039,88.32994,64
444,06:01:00,23.03005,72.58,140
445,06:01:00,23.04888,113.7447,161
446,06:01:00,23.09653,109.6091,1
447,06:01:00,23.14498,113.325,202
448,06:01:00,23.72305,90.40857,88
449,06:01:00,24.86999,66.99,32
450,06:01:00,26.45999,80.31999,28
451,06:01:00,26.92113,75.80998,106
452,06:01:00,29.56497,106.5949,138
453,06:01:00,30.58003,114.27,67
454,06:01:00,30.67,104.07,57
455,06:01:00,31.20001,29.94999,45
456,06:01:00,31.21645,121.4365,106
457,06:01:00,31.55997,74.35002,146
458,06:01:00,32.05001,118.7799,71
459,06:01:00,33.33864,44.39386,55
460,06:01:00,33.59997,-7.61636,85
461,06:01:00,34.27502,108.8949,29
462,06:01:00,34.51669,69.18326,27
463,06:01:00,35.09505,129.01,238
464,06:01:00,35.67194,51.42434,139
465,06:01:00,37.87501,112.545,34
466,06:01:00,39.01943,125.7546,8
467,06:01:00,39.13002,117.2,29
468,06:01:00,39.92889,116.3882,14
469,06:01:00,41.80497,123.4499,16
470,06:01:00,43.865,125.3399,7
471,07:01:00,-8.83828,13.23442,72
472,07:01:00,-6.80001,39.26834,32
473,07:01:00,-4.32972,15.31497,56
474,07:01:00,5.319996,-4.04004,79
475,07:01:00,9.03331,38.7,22
476,07:01:00,10.78002,106.695,272
477,07:01:00,11.99997,8.520037,95
478,07:01:00,12.96999,77.56,77
479,07:01:00,13.08998,80.27999,260
480,07:01:00,15.58807,32.53417,225
481,07:01:00,16.78335,96.16667,87
482,07:01:00,17.39998,78.47995,178
483,07:01:00,18.53001,73.85,92
484,07:01:00,21.03332,105.85,67
485,07:01:00,21.19998,72.84003,67
486,07:01:00,22.32999,91.79996,67
487,07:01:00,22.49496,88.32467,99
488,07:01:00,22.55237,114.1221,47
489,07:01:00,22.58039,88.32994,94
490,07:01:00,23.03005,72.58,126
491,07:01:00,23.04888,113.7447,133
492,07:01:00,23.14498,113.325,176
493,07:01:00,23.72305,90.40857,137
494,07:01:00,24.86999,66.99,64
495,07:01:00,25.01277,121.465,7
496,07:01:00,26.45999,80.31999,30
497,07:01:00,26.92113,75.80998,133
498,07:01:00,29.56497,106.5949,122
499,07:01:00,30.58003,114.27,67
500,07:01:00,30.67,104.07,109
501,07:01:00,31.20001,29.94999,63
502,07:01:00,31.21645,121.4365,200
503,07:01:00,31.55997,74.35002,176
504,07:01:00,32.05001,118.7799,62
505,07:01:00,33.33864,44.39386,104
506,07:01:00,33.59997,-7.61636,89
507,07:01:00,34.27502,108.8949,43
508,07:01:00,34.51669,69.18326,37
509,07:01:00,35.09505,129.01,227
510,07:01:00,35.67194,51.42434,199
511,07:01:00,37.87501,112.545,39
512,07:01:00,39.01943,125.7546,4
513,07:01:00,39.13002,117.2,26
514,07:01:00,39.92889,116.3882,91
515,07:01:00,41.80497,123.4499,11
516,07:01:00,43.865,125.3399,10
517,08:01:00,-8.83828,13.23442,73
518,08:01:00,-6.80001,39.26834,139
519,08:01:00,-4.32972,15.31497,66
520,08:01:00,5.319996,-4.04004,61
521,08:01:00,9.03331,38.7,73
522,08:01:00,10.78002,106.695,315
523,08:01:00,11.99997,8.520037,81
524,08:01:00,12.96999,77.56,76
525,08:01:00,13.08998,80.27999,297
526,08:01:00,15.58807,32.53417,299
527,08:01:00,16.78335,96.16667,63
528,08:01:00,17.39998,78.47995,313
529,08:01:00,18.53001,73.85,155
530,08:01:00,21.03332,105.85,66
531,08:01:00,21.19998,72.84003,50
532,08:01:00,22.30498,114.185,23
533,08:01:00,22.32999,91.79996,59
534,08:01:00,22.49496,88.32467,141
535,08:01:00,22.55237,114.1221,108
536,08:01:00,22.58039,88.32994,115
537,08:01:00,23.03005,72.58,139
538,08:01:00,23.04888,113.7447,220
539,08:01:00,23.14498,113.325,244
540,08:01:00,23.72305,90.40857,243
541,08:01:00,24.86999,66.99,144
542,08:01:00,25.01277,121.465,57
543,08:01:00,25.03583,121.5683,47
544,08:01:00,26.45999,80.31999,24
545,08:01:00,26.92113,75.80998,155
546,08:01:00,28.7041,77.1025,17
547,08:01:00,29.56497,106.5949,123
548,08:01:00,30.58003,114.27,58
549,08:01:00,30.67,104.07,79
550,08:01:00,31.20001,29.94999,97
551,08:01:00,31.21645,121.4365,323
552,08:01:00,31.55997,74.35002,179
553,08:01:00,32.05001,118.7799,72
554,08:01:00,33.33864,44.39386,101
555,08:01:00,33.59997,-7.61636,110
556,08:01:00,34.27502,108.8949,48
557,08:01:00,34.51669,69.18326,62
558,08:01:00,35.09505,129.01,189
559,08:01:00,35.67194,51.42434,175
560,08:01:00,37.87501,112.545,35
561,08:01:00,39.01943,125.7546,21
562,08:01:00,39.13002,117.2,32
563,08:01:00,39.92889,116.3882,166
564,08:01:00,41.80497,123.4499,8
565,08:01:00,43.865,125.3399,3
566,09:01:00,-29.865,30.98001,17
567,09:01:00,-8.83828,13.23442,77
568,09:01:00,-6.80001,39.26834,241
569,09:01:00,-4.32972,15.31497,169
570,09:01:00,-1.28334,36.81665,7
571,09:01:00,1.293033,103.8558,18
572,09:01:00,5.319996,-4.04004,83
573,09:01:00,9.03331,38.7,14
574,09:01:00,10.78002,106.695,224
575,09:01:00,11.99997,8.520037,83
576,09:01:00,12.96999,77.56,110
577,09:01:00,13.08998,80.27999,325
578,09:01:00,15.58807,32.53417,342
579,09:01:00,16.78335,96.16667,91
580,09:01:00,17.39998,78.47995,355
581,09:01:00,18.53001,73.85,281
582,09:01:00,21.03332,105.85,88
583,09:01:00,21.19998,72.84003,60
584,09:01:00,22.30498,114.185,122
585,09:01:00,22.32999,91.79996,41
586,09:01:00,22.49496,88.32467,212
587,09:01:00,22.55237,114.1221,239
588,09:01:00,22.58039,88.32994,175
589,09:01:00,23.03005,72.58,191
590,09:01:00,23.04888,113.7447,164
591,09:01:00,23.09653,109.6091,1
592,09:01:00,23.14498,113.325,183
593,09:01:00,23.72305,90.40857,346
594,09:01:00,24.86999,66.99,270
595,09:01:00,25.01277,121.465,183
596,09:01:00,25.03583,121.5683,160
597,09:01:00,26.45999,80.31999,28
598,09:01:00,26.92113,75.80998,200
599,09:01:00,28.7041,77.1025,31
600,09:01:00,29.56497,106.5949,65
601,09:01:00,30.04996,31.24996,11
602,09:01:00,30.58003,114.27,55
603,09:01:00,30.67,104.07,44
604,09:01:00,31.20001,29.94999,101
605,09:01:00,31.21645,121.4365,340
606,09:01:00,31.55997,74.35002,200
607,09:01:00,32.05001,118.7799,27
608,09:01:00,33.33864,44.39386,49
609,09:01:00,33.59997,-7.61636,120
610,09:01:00,34.27502,108.8949,36
611,09:01:00,34.51669,69.18326,49
612,09:01:00,35.09505,129.01,122
613,09:01:00,35.15499,136.9149,49
614,09:01:00,35.67194,51.42434,213
615,09:01:00,37.87501,112.545,31
616,09:01:00,39.01943,125.7546,5
617,09:01:00,39.13002,117.2,19
618,09:01:00,39.92889,116.3882,144
619,09:01:00,41.80497,123.4499,13
620,09:01:00,43.865,125.3399,9
621,10:01:00,-29.865,30.98001,54
622,10:01:00,-8.83828,13.23442,136
623,10:01:00,-6.80001,39.26834,267
624,10:01:00,-4.32972,15.31497,32
625,10:01:00,-1.28334,36.81665,64
626,10:01:00,1.293033,103.8558,102
627,10:01:00,5.319996,-4.04004,87
628,10:01:00,9.03331,38.7,25
629,10:01:00,10.78002,106.695,140
630,10:01:00,11.99997,8.520037,133
631,10:01:00,12.96999,77.56,330
632,10:01:00,13.08998,80.27999,322
633,10:01:00,15.58807,32.53417,391
634,10:01:00,16.78335,96.16667,61
635,10:01:00,17.39998,78.47995,288
636,10:01:00,18.53001,73.85,346
637,10:01:00,19.01699,72.85698,69
638,10:01:00,20.67001,-103.33,8
639,10:01:00,21.03332,105.85,61
640,10:01:00,21.19998,72.84003,84
641,10:01:00,21.51688,39.21919,7
642,10:01:00,22.30498,114.185,217
643,10:01:00,22.32999,91.79996,41
644,10:01:00,22.49496,88.32467,345
645,10:01:00,22.55237,114.1221,323
646,10:01:00,22.58039,88.32994,312
647,10:01:00,23.03005,72.58,148
648,10:01:00,23.04888,113.7447,89
649,10:01:00,23.14498,113.325,99
650,10:01:00,23.72305,90.40857,404
651,10:01:00,24.86999,66.99,217
652,10:01:00,25.01277,121.465,158
653,10:01:00,25.03583,121.5683,225
654,10:01:00,26.45999,80.31999,23
655,10:01:00,26.92113,75.80998,154
656,10:01:00,28.7041,77.1025,150
657,10:01:00,29.56497,106.5949,60
658,10:01:00,30.04996,31.24996,31
659,10:01:00,30.58003,114.27,39
660,10:01:00,30.67,104.07,23
661,10:01:00,31.20001,29.94999,135
662,10:01:00,31.21645,121.4365,266
663,10:01:00,31.55997,74.35002,153
664,10:01:00,32.05001,118.7799,30
665,10:01:00,33.33864,44.39386,68
666,10:01:00,33.59997,-7.61636,136
667,10:01:00,34.27502,108.8949,30
668,10:01:00,34.51669,69.18326,24
669,10:01:00,35.09505,129.01,77
670,10:01:00,35.15499,136.9149,33
671,10:01:00,35.67194,51.42434,223
672,10:01:00,37.56634,126.9997,20
673,10:01:00,37.87501,112.545,31
674,10:01:00,39.01943,125.7546,4
675,10:01:00,39.13002,117.2,12
676,10:01:00,39.92889,116.3882,115
677,10:01:00,41.80497,123.4499,6
678,10:01:00,43.865,125.3399,7
679,10:01:00,59.93901,30.31602,60
680,11:01:00,-33.92,18.43498,47
681,11:01:00,-29.865,30.98001,149
682,11:01:00,-8.83828,13.23442,75
683,11:01:00,-6.80001,39.26834,395
684,11:01:00,-4.32972,15.31497,48
685,11:01:00,-1.28334,36.81665,210
686,11:01:00,1.293033,103.8558,165
687,11:01:00,5.319996,-4.04004,146
688,11:01:00,9.03331,38.7,16
689,11:01:00,10.78002,106.695,98
690,11:01:00,11.99997,8.520037,115
691,11:01:00,12.96999,77.56,417
692,11:01:00,13.08998,80.27999,278
693,11:01:00,13.74999,100.5166,102
694,11:01:00,15.58807,32.53417,375
695,11:01:00,16.78335,96.16667,40
696,11:01:00,17.39998,78.47995,183
697,11:01:00,18.53001,73.85,364
698,11:01:00,19.01699,72.85698,192
699,11:01:00,20.67001,-103.33,120
700,11:01:00,21.03332,105.85,41
701,11:01:00,21.19998,72.84003,90
702,11:01:00,21.51688,39.21919,115
703,11:01:00,22.30498,114.185,199
704,11:01:00,22.32999,91.79996,39
705,11:01:00,22.49496,88.32467,314
706,11:01:00,22.55237,114.1221,204
707,11:01:00,22.58039,88.32994,291
708,11:01:00,23.03005,72.58,129
709,11:01:00,23.04888,113.7447,51
710,11:01:00,23.14498,113.325,57
711,11:01:00,23.72305,90.40857,357
712,11:01:00,24.64083,46.77274,19
713,11:01:00,24.86999,66.99,318
714,11:01:00,25.01277,121.465,144
715,11:01:00,25.03583,121.5683,163
716,11:01:00,26.45999,80.31999,29
717,11:01:00,26.92113,75.80998,126
718,11:01:00,28.7041,77.1025,528
719,11:01:00,29.56497,106.5949,18
720,11:01:00,30.04996,31.24996,36
721,11:01:00,30.58003,114.27,25
722,11:01:00,30.67,104.07,32
723,11:01:00,31.20001,29.94999,177
724,11:01:00,31.21645,121.4365,131
725,11:01:00,31.55997,74.35002,154
726,11:01:00,32.05001,118.7799,17
727,11:01:00,33.33864,44.39386,72
728,11:01:00,33.59997,-7.61636,125
729,11:01:00,34.27502,108.8949,23
730,11:01:00,34.51669,69.18326,19
731,11:01:00,35.09505,129.01,51
732,11:01:00,35.15499,136.9149,59
733,11:01:00,35.67194,51.42434,242
734,11:01:00,37.56634,126.9997,42
735,11:01:00,37.87501,112.545,32
736,11:01:00,39.01943,125.7546,2
737,11:01:00,39.13002,117.2,7
738,11:01:00,39.92723,32.86439,143
739,11:01:00,39.92889,116.3882,132
740,11:01:00,41.80497,123.4499,6
741,11:01:00,43.865,125.3399,1
742,11:01:00,59.93901,30.31602,112
743,12:01:00,-33.92,18.43498,335
744,12:01:00,-29.865,30.98001,371
745,12:01:00,-15.7833,-47.916,23
746,12:01:00,-12.048,-77.05,13
747,12:01:00,-8.83828,13.23442,69
748,12:01:00,-6.80001,39.26834,393
749,12:01:00,-4.32972,15.31497,57
750,12:01:00,-3.75001,-38.5799,70
751,12:01:00,-1.28334,36.81665,377
752,12:01:00,1.293033,103.8558,167
753,12:01:00,5.319996,-4.04004,152
754,12:01:00,9.03331,38.7,21
755,12:01:00,10.78002,106.695,52
756,12:01:00,11.99997,8.520037,112
757,12:01:00,12.96999,77.56,392
758,12:01:00,13.08998,80.27999,175
759,12:01:00,13.74999,100.5166,210
760,12:01:00,15.58807,32.53417,317
761,12:01:00,16.78335,96.16667,28
762,12:01:00,17.39998,78.47995,116
763,12:01:00,18.53001,73.85,257
764,12:01:00,19.01699,72.85698,396
765,12:01:00,20.67001,-103.33,286
766,12:01:00,21.03332,105.85,33
767,12:01:00,21.19998,72.84003,46
768,12:01:00,21.51688,39.21919,150
769,12:01:00,22.30498,114.185,215
770,12:01:00,22.32999,91.79996,28
771,12:01:00,22.49496,88.32467,232
772,12:01:00,22.55237,114.1221,189
773,12:01:00,22.58039,88.32994,229
774,12:01:00,23.03005,72.58,103
775,12:01:00,23.04888,113.7447,43
776,12:01:00,23.14498,113.325,45
777,12:01:00,23.72305,90.40857,209
778,12:01:00,24.64083,46.77274,154
779,12:01:00,24.86999,66.99,315
780,12:01:00,25.01277,121.465,87
781,12:01:00,25.03583,121.5683,109
782,12:01:00,26.45999,80.31999,7
783,12:01:00,26.92113,75.80998,74
784,12:01:00,28.7041,77.1025,481
785,12:01:00,29.56497,106.5949,9
786,12:01:00,30.04996,31.24996,103
787,12:01:00,30.58003,114.27,10
788,12:01:00,30.67,104.07,25
789,12:01:00,31.20001,29.94999,273
790,12:01:00,31.21645,121.4365,89
791,12:01:00,31.55997,74.35002,152
792,12:01:00,32.05001,118.7799,4
793,12:01:00,33.33864,44.39386,80
794,12:01:00,33.59997,-7.61636,137
795,12:01:00,34.27502,108.8949,7
796,12:01:00,34.51669,69.18326,16
797,12:01:00,35.09505,129.01,108
798,12:01:00,35.15499,136.9149,60
799,12:01:00,35.67194,51.42434,192
800,12:01:00,37.56634,126.9997,132
801,12:01:00,37.87501,112.545,30
802,12:01:00,39.01943,125.7546,3
803,12:01:00,39.13002,117.2,13
804,12:01:00,39.92723,32.86439,706
805,12:01:00,39.92889,116.3882,227
806,12:01:00,41.80497,123.4499,1
807,12:01:00,45.49999,-73.5832,29
808,12:01:00,59.93901,30.31602,208
809,13:01:00,-33.92,18.43498,725
810,13:01:00,-29.865,30.98001,524
811,13:01:00,-26.17,28.03,69
812,13:01:00,-15.7833,-47.916,143
813,13:01:00,-12.9699,-38.4799,150
814,13:01:00,-12.048,-77.05,107
815,13:01:00,-8.83828,13.23442,65
816,13:01:00,-6.80001,39.26834,418
817,13:01:00,-4.32972,15.31497,60
818,13:01:00,-3.75001,-38.5799,87
819,13:01:00,-1.28334,36.81665,576
820,13:01:00,1.293033,103.8558,138
821,13:01:00,5.319996,-4.04004,81
822,13:01:00,6.443261,3.391531,20
823,13:01:00,9.03331,38.7,24
824,13:01:00,10.78002,106.695,50
825,13:01:00,11.99997,8.520037,67
826,13:01:00,12.96999,77.56,208
827,13:01:00,13.08998,80.27999,80
828,13:01:00,13.74999,100.5166,253
829,13:01:00,15.58807,32.53417,227
830,13:01:00,16.78335,96.16667,17
831,13:01:00,17.39998,78.47995,108
832,13:01:00,18.53001,73.85,195
833,13:01:00,19.01699,72.85698,508
834,13:01:00,20.67001,-103.33,357
835,13:01:00,21.03332,105.85,31
836,13:01:00,21.19998,72.84003,66
837,13:01:00,21.51688,39.21919,337
838,13:01:00,22.30498,114.185,274
839,13:01:00,22.32999,91.79996,18
840,13:01:00,22.49496,88.32467,214
841,13:01:00,22.55237,114.1221,248
842,13:01:00,22.58039,88.32994,220
843,13:01:00,23.03005,72.58,88
844,13:01:00,23.04888,113.7447,24
845,13:01:00,23.14498,113.325,28
846,13:01:00,23.72305,90.40857,145
847,13:01:00,24.64083,46.77274,260
848,13:01:00,24.86999,66.99,183
849,13:01:00,25.01277,121.465,84
850,13:01:00,25.03583,121.5683,98
851,13:01:00,26.45999,80.31999,1
852,13:01:00,26.92113,75.80998,58
853,13:01:00,28.7041,77.1025,294
854,13:01:00,29.56497,106.5949,5
855,13:01:00,30.04996,31.24996,316
856,13:01:00,30.58003,114.27,4
857,13:01:00,30.67,104.07,5
858,13:01:00,31.20001,29.94999,339
859,13:01:00,31.21645,121.4365,68
860,13:01:00,31.55997,74.35002,155
861,13:01:00,32.05001,118.7799,6
862,13:01:00,33.33864,44.39386,88
863,13:01:00,33.59997,-7.61636,129
864,13:01:00,34.27502,108.8949,16
865,13:01:00,34.51669,69.18326,13
866,13:01:00,35.09505,129.01,59
867,13:01:00,35.15499,136.9149,143
868,13:01:00,35.67194,51.42434,146
869,13:01:00,37.56634,126.9997,134
870,13:01:00,37.87501,112.545,30
871,13:01:00,39.01943,125.7546,1
872,13:01:00,39.13002,117.2,11
873,13:01:00,39.92723,32.86439,1316
874,13:01:00,39.92889,116.3882,417
875,13:01:00,41.80497,123.4499,3
876,13:01:00,45.49999,-73.5832,67
877,13:01:00,52.52181,13.40154,65
878,13:01:00,59.93901,30.31602,668
879,14:01:00,-33.92,18.43498,717
880,14:01:00,-33.92,151.1851,23
881,14:01:00,-29.865,30.98001,358
882,14:01:00,-26.17,28.03,528
883,14:01:00,-19.915,-43.915,81
884,14:01:00,-15.7833,-47.916,192
885,14:01:00,-12.9699,-38.4799,650
886,14:01:00,-12.048,-77.05,70
887,14:01:00,-8.83828,13.23442,98
888,14:01:00,-6.80001,39.26834,262
889,14:01:00,-4.32972,15.31497,55
890,14:01:00,-3.75001,-38.5799,512
891,14:01:00,-1.28334,36.81665,543
892,14:01:00,1.293033,103.8558,215
893,14:01:00,5.319996,-4.04004,67
894,14:01:00,6.443261,3.391531,103
895,14:01:00,9.03331,38.7,8
896,14:01:00,10.78002,106.695,36
897,14:01:00,11.99997,8.520037,118
898,14:01:00,12.96999,77.56,125
899,14:01:00,13.08998,80.27999,60
900,14:01:00,13.74999,100.5166,392
901,14:01:00,15.58807,32.53417,161
902,14:01:00,16.78335,96.16667,17
903,14:01:00,17.39998,78.47995,54
904,14:01:00,18.53001,73.85,159
905,14:01:00,19.01699,72.85698,279
906,14:01:00,20.67001,-103.33,541
907,14:01:00,21.03332,105.85,33
908,14:01:00,21.19998,72.84003,14
909,14:01:00,21.51688,39.21919,599
910,14:01:00,22.30498,114.185,349
911,14:01:00,22.32999,91.79996,18
912,14:01:00,22.49496,88.32467,109
913,14:01:00,22.55237,114.1221,281
914,14:01:00,22.58039,88.32994,109
915,14:01:00,23.03005,72.58,54
916,14:01:00,23.04888,113.7447,13
917,14:01:00,23.14498,113.325,23
918,14:01:00,23.72305,90.40857,86
919,14:01:00,24.64083,46.77274,623
920,14:01:00,24.86999,66.99,177
921,14:01:00,25.01277,121.465,193
922,14:01:00,25.03583,121.5683,198
923,14:01:00,26.45999,80.31999,3
924,14:01:00,26.92113,75.80998,36
925,14:01:00,28.7041,77.1025,173
926,14:01:00,29.56497,106.5949,3
927,14:01:00,30.04996,31.24996,432
928,14:01:00,30.58003,114.27,4
929,14:01:00,30.67,104.07,4
930,14:01:00,31.20001,29.94999,355
931,14:01:00,31.21645,121.4365,97
932,14:01:00,31.55997,74.35002,104
933,14:01:00,32.05001,118.7799,6
934,14:01:00,32.82002,-96.84,81
935,14:01:00,33.33864,44.39386,59
936,14:01:00,33.59997,-7.61636,126
937,14:01:00,34.27502,108.8949,4
938,14:01:00,34.51669,69.18326,13
939,14:01:00,34.75003,135.4601,8
940,14:01:00,35.09505,129.01,63
941,14:01:00,35.15499,136.9149,454
942,14:01:00,35.32002,139.58,59
943,14:01:00,35.67194,51.42434,155
944,14:01:00,37.56634,126.9997,235
945,14:01:00,37.87501,112.545,30
946,14:01:00,39.01943,125.7546,2
947,14:01:00,39.13002,117.2,5
948,14:01:00,39.92723,32.86439,1572
949,14:01:00,39.92889,116.3882,131
950,14:01:00,41.10499,29.01,185
951,14:01:00,41.38329,2.18337,150
952,14:01:00,41.80497,123.4499,1
953,14:01:00,45.49999,-73.5832,316
954,14:01:00,52.52181,13.40154,285
955,14:01:00,55.75216,37.61552,466
956,14:01:00,59.93901,30.31602,1086
957,15:01:00,-33.92,18.43498,409
958,15:01:00,-33.92,151.1851,336
959,15:01:00,-29.865,30.98001,185
960,15:01:00,-26.17,28.03,680
961,15:01:00,-19.915,-43.915,719
962,15:01:00,-15.7833,-47.916,1129
963,15:01:00,-12.9699,-38.4799,1659
964,15:01:00,-12.048,-77.05,573
965,15:01:00,-8.83828,13.23442,94
966,15:01:00,-6.80001,39.26834,273
967,15:01:00,-4.32972,15.31497,46
968,15:01:00,-3.75001,-38.5799,1346
969,15:01:00,-1.28334,36.81665,375
970,15:01:00,1.293033,103.8558,703
971,15:01:00,5.319996,-4.04004,75
972,15:01:00,6.443261,3.391531,684
973,15:01:00,9.03331,38.7,12
974,15:01:00,10.78002,106.695,127
975,15:01:00,11.99997,8.520037,114
976,15:01:00,12.96999,77.56,65
977,15:01:00,13.08998,80.27999,35
978,15:01:00,13.74999,100.5166,828
979,15:01:00,14.60415,120.9822,15
980,15:01:00,14.65043,121.0299,48
981,15:01:00,15.58807,32.53417,117
982,15:01:00,16.78335,96.16667,24
983,15:01:00,17.39998,78.47995,47
984,15:01:00,18.53001,73.85,114
985,15:01:00,19.01699,72.85698,202
986,15:01:00,20.67001,-103.33,1180
987,15:01:00,21.03332,105.85,100
988,15:01:00,21.19998,72.84003,11
989,15:01:00,21.51688,39.21919,650
990,15:01:00,22.30498,114.185,382
991,15:01:00,22.32999,91.79996,18
992,15:01:00,22.49496,88.32467,51
993,15:01:00,22.55237,114.1221,316
994,15:01:00,22.58039,88.32994,52
995,15:01:00,23.03005,72.58,41
996,15:01:00,23.04888,113.7447,34
997,15:01:00,23.09653,109.6091,1
998,15:01:00,23.14498,113.325,38
999,15:01:00,23.72305,90.40857,71
1000,15:01:00,24.64083,46.77274,759
1001,15:01:00,24.86999,66.99,90
1002,15:01:00,25.01277,121.465,281
1003,15:01:00,25.03583,121.5683,281
1004,15:01:00,26.92113,75.80998,19
1005,15:01:00,28.7041,77.1025,174
1006,15:01:00,29.56497,106.5949,44
1007,15:01:00,29.81997,-95.3399,90
1008,15:01:00,30.04996,31.24996,881
1009,15:01:00,30.58003,114.27,9
1010,15:01:00,30.67,104.07,8
1011,15:01:00,31.20001,29.94999,297
1012,15:01:00,31.21645,121.4365,167
1013,15:01:00,31.55997,74.35002,70
1014,15:01:00,32.05001,118.7799,13
1015,15:01:00,32.82002,-96.84,467
1016,15:01:00,33.33864,44.39386,46
1017,15:01:00,33.59997,-7.61636,102
1018,15:01:00,34.27502,108.8949,13
1019,15:01:00,34.51669,69.18326,16
1020,15:01:00,34.75003,135.4601,776
1021,15:01:00,35.09505,129.01,118
1022,15:01:00,35.15499,136.9149,1699
1023,15:01:00,35.32002,139.58,749
1024,15:01:00,35.67194,51.42434,155
1025,15:01:00,37.56634,126.9997,858
1026,15:01:00,37.87501,112.545,33
1027,15:01:00,39.01943,125.7546,8
1028,15:01:00,39.13002,117.2,5
1029,15:01:00,39.92723,32.86439,1005
1030,15:01:00,39.92889,116.3882,232
1031,15:01:00,39.99997,-75.1699,51
1032,15:01:00,40.40002,-3.68335,114
1033,15:01:00,41.10499,29.01,1597
1034,15:01:00,41.38329,2.18337,1273
1035,15:01:00,41.80497,123.4499,3
1036,15:01:00,43.865,125.3399,3
1037,15:01:00,45.49999,-73.5832,1153
1038,15:01:00,48.86669,2.333335,295
1039,15:01:00,52.52181,13.40154,820
1040,15:01:00,55.75216,37.61552,1309
1041,15:01:00,59.93901,30.31602,659
1042,16:01:00,-34.6025,-58.3975,2564
1043,16:01:00,-33.92,18.43498,320
1044,16:01:00,-33.92,151.1851,2075
1045,16:01:00,-33.45,-70.667,3409
1046,16:01:00,-29.865,30.98001,105
1047,16:01:00,-26.17,28.03,536
1048,16:01:00,-23.5586,-46.625,2776
1049,16:01:00,-22.925,-43.225,3651
1050,16:01:00,-19.915,-43.915,3301
1051,16:01:00,-15.7833,-47.916,3201
1052,16:01:00,-12.9699,-38.4799,2688
1053,16:01:00,-12.048,-77.05,2836
1054,16:01:00,-8.83828,13.23442,71
1055,16:01:00,-6.80001,39.26834,209
1056,16:01:00,-6.17441,106.8294,4171
1057,16:01:00,-4.32972,15.31497,25
1058,16:01:00,-3.75001,-38.5799,2684
1059,16:01:00,-1.28334,36.81665,231
1060,16:01:00,1.293033,103.8558,3153
1061,16:01:00,4.596423,-74.0833,2006
1062,16:01:00,5.319996,-4.04004,56
1063,16:01:00,6.443261,3.391531,972
1064,16:01:00,9.03331,38.7,11
1065,16:01:00,10.78002,106.695,93
1066,16:01:00,11.99997,8.520037,91
1067,16:01:00,12.96999,77.56,94
1068,16:01:00,13.08998,80.27999,33
1069,16:01:00,13.74999,100.5166,4248
1070,16:01:00,14.60415,120.9822,2732
1071,16:01:00,14.65043,121.0299,2755
1072,16:01:00,15.58807,32.53417,65
1073,16:01:00,16.78335,96.16667,77
1074,16:01:00,17.39998,78.47995,143
1075,16:01:00,18.53001,73.85,75
1076,16:01:00,19.01699,72.85698,181
1077,16:01:00,19.44244,-99.1309,4561
1078,16:01:00,20.67001,-103.33,1717
1079,16:01:00,21.03332,105.85,129
1080,16:01:00,21.19998,72.84003,9
1081,16:01:00,21.51688,39.21919,576
1082,16:01:00,22.30498,114.185,745
1083,16:01:00,22.32999,91.79996,4
1084,16:01:00,22.49496,88.32467,65
1085,16:01:00,22.55237,114.1221,601
1086,16:01:00,22.58039,88.32994,67
1087,16:01:00,23.03005,72.58,20
1088,16:01:00,23.04888,113.7447,74
1089,16:01:00,23.14498,113.325,79
1090,16:01:00,23.72305,90.40857,118
1091,16:01:00,24.64083,46.77274,541
1092,16:01:00,24.86999,66.99,50
1093,16:01:00,25.01277,121.465,374
1094,16:01:00,25.03583,121.5683,373
1095,16:01:00,25.78761,-80.2241,2888
1096,16:01:00,26.45999,80.31999,4
1097,16:01:00,26.92113,75.80998,15
1098,16:01:00,28.7041,77.1025,192
1099,16:01:00,29.56497,106.5949,125
1100,16:01:00,29.81997,-95.3399,2668
1101,16:01:00,30.04996,31.24996,802
1102,16:01:00,30.58003,114.27,20
1103,16:01:00,30.67,104.07,31
1104,16:01:00,31.20001,29.94999,357
1105,16:01:00,31.21645,121.4365,293
1106,16:01:00,31.55997,74.35002,41
1107,16:01:00,32.05001,118.7799,49
1108,16:01:00,32.82002,-96.84,3026
1109,16:01:00,33.33864,44.39386,44
1110,16:01:00,33.59997,-7.61636,75
1111,16:01:00,33.98997,-118.179,2374
1112,16:01:00,34.27502,108.8949,23
1113,16:01:00,34.51669,69.18326,10
1114,16:01:00,34.75003,135.4601,4316
1115,16:01:00,35.09505,129.01,150
1116,16:01:00,35.15499,136.9149,2972
1117,16:01:00,35.32002,139.58,3711
1118,16:01:00,35.67194,51.42434,102
1119,16:01:00,35.68501,139.7514,6716
1120,16:01:00,37.56634,126.9997,1372
1121,16:01:00,37.87501,112.545,32
1122,16:01:00,39.01943,125.7546,5
1123,16:01:00,39.13002,117.2,18
1124,16:01:00,39.92723,32.86439,582
1125,16:01:00,39.92889,116.3882,244
1126,16:01:00,39.99997,-75.1699,3007
1127,16:01:00,40.40002,-3.68335,1755
1128,16:01:00,40.74997,-73.98,2832
1129,16:01:00,41.10499,29.01,2886
1130,16:01:00,41.38329,2.18337,1628
1131,16:01:00,41.80497,123.4499,3
1132,16:01:00,41.82999,-87.75,2645
1133,16:01:00,43.69997,-79.42,2560
1134,16:01:00,43.865,125.3399,9
1135,16:01:00,45.49999,-73.5832,1429
1136,16:01:00,48.86669,2.333335,1791
1137,16:01:00,51.49999,-0.11672,2324
1138,16:01:00,52.52181,13.40154,773
1139,16:01:00,55.75216,37.61552,866
1140,16:01:00,59.93901,30.31602,408
1141,17:01:00,59.93901,30.31602,7371
