StartTime,EndTIme,Count
05:01 PM - 30 Sep 2016,06:01 PM - 30 Sep 2016,25
06:01 PM - 30 Sep 2016,07:01 PM - 30 Sep 2016,21
07:01 PM - 30 Sep 2016,08:01 PM - 30 Sep 2016,31
08:01 PM - 30 Sep 2016,09:01 PM - 30 Sep 2016,25
09:01 PM - 30 Sep 2016,10:01 PM - 30 Sep 2016,38
10:01 PM - 30 Sep 2016,11:01 PM - 30 Sep 2016,32
11:01 PM - 30 Sep 2016,12:01 AM - 01 Oct 2016,35
12:01 AM - 01 Oct 2016,01:01 AM - 01 Oct 2016,37
01:01 AM - 01 Oct 2016,02:01 AM - 01 Oct 2016,64
02:01 AM - 01 Oct 2016,03:01 AM - 01 Oct 2016,47
03:01 AM - 01 Oct 2016,04:01 AM - 01 Oct 2016,86
04:01 AM - 01 Oct 2016,05:01 AM - 01 Oct 2016,96
05:01 AM - 01 Oct 2016,06:01 AM - 01 Oct 2016,95
06:01 AM - 01 Oct 2016,07:01 AM - 01 Oct 2016,92
07:01 AM - 01 Oct 2016,08:01 AM - 01 Oct 2016,119
08:01 AM - 01 Oct 2016,09:01 AM - 01 Oct 2016,183
09:01 AM - 01 Oct 2016,10:01 AM - 01 Oct 2016,229
10:01 AM - 01 Oct 2016,11:01 AM - 01 Oct 2016,255
11:01 AM - 01 Oct 2016,12:01 PM - 01 Oct 2016,229
12:01 PM - 01 Oct 2016,01:01 PM - 01 Oct 2016,267
01:01 PM - 01 Oct 2016,02:01 PM - 01 Oct 2016,358
02:01 PM - 01 Oct 2016,03:01 PM - 01 Oct 2016,520
03:01 PM - 01 Oct 2016,04:01 PM - 01 Oct 2016,957
04:01 PM - 01 Oct 2016,05:01 PM - 01 Oct 2016,3305
05:01 PM - 01 Oct 2016,06:01 PM - 01 Oct 2016,21
06:01 PM - 01 Oct 2016,07:01 PM - 01 Oct 2016,37
07:01 PM - 01 Oct 2016,08:01 PM - 01 Oct 2016,23
08:01 PM - 01 Oct 2016,09:01 PM - 01 Oct 2016,22
09:01 PM - 01 Oct 2016,10:01 PM - 01 Oct 2016,23
10:01 PM - 01 Oct 2016,11:01 PM - 01 Oct 2016,19
11:01 PM - 01 Oct 2016,12:01 AM - 02 Oct 2016,49
12:01 AM - 02 Oct 2016,01:01 AM - 02 Oct 2016,40
01:01 AM - 02 Oct 2016,02:01 AM - 02 Oct 2016,42
02:01 AM - 02 Oct 2016,03:01 AM - 02 Oct 2016,43
03:01 AM - 02 Oct 2016,04:01 AM - 02 Oct 2016,65
04:01 AM - 02 Oct 2016,05:01 AM - 02 Oct 2016,76
05:01 AM - 02 Oct 2016,06:01 AM - 02 Oct 2016,106
06:01 AM - 02 Oct 2016,07:01 AM - 02 Oct 2016,138
07:01 AM - 02 Oct 2016,08:01 AM - 02 Oct 2016,137
08:01 AM - 02 Oct 2016,09:01 AM - 02 Oct 2016,216
09:01 AM - 02 Oct 2016,10:01 AM - 02 Oct 2016,183
10:01 AM - 02 Oct 2016,11:01 AM - 02 Oct 2016,275
11:01 AM - 02 Oct 2016,12:01 PM - 02 Oct 2016,380
12:01 PM - 02 Oct 2016,01:01 PM - 02 Oct 2016,331
01:01 PM - 02 Oct 2016,02:01 PM - 02 Oct 2016,337
02:01 PM - 02 Oct 2016,03:01 PM - 02 Oct 2016,469
03:01 PM - 02 Oct 2016,04:01 PM - 02 Oct 2016,1047
04:01 PM - 02 Oct 2016,05:01 PM - 02 Oct 2016,4065
05:01 PM - 02 Oct 2016,06:01 PM - 02 Oct 2016,18
06:01 PM - 02 Oct 2016,07:01 PM - 02 Oct 2016,22
07:01 PM - 02 Oct 2016,08:01 PM - 02 Oct 2016,14
08:01 PM - 02 Oct 2016,09:01 PM - 02 Oct 2016,39
09:01 PM - 02 Oct 2016,10:01 PM - 02 Oct 2016,32
10:01 PM - 02 Oct 2016,11:01 PM - 02 Oct 2016,30
11:01 PM - 02 Oct 2016,12:01 AM - 03 Oct 2016,45
12:01 AM - 03 Oct 2016,01:01 AM - 03 Oct 2016,66
01:01 AM - 03 Oct 2016,02:01 AM - 03 Oct 2016,70
02:01 AM - 03 Oct 2016,03:01 AM - 03 Oct 2016,94
03:01 AM - 03 Oct 2016,04:01 AM - 03 Oct 2016,98
04:01 AM - 03 Oct 2016,05:01 AM - 03 Oct 2016,100
05:01 AM - 03 Oct 2016,06:01 AM - 03 Oct 2016,128
06:01 AM - 03 Oct 2016,07:01 AM - 03 Oct 2016,131
07:01 AM - 03 Oct 2016,08:01 AM - 03 Oct 2016,196
08:01 AM - 03 Oct 2016,09:01 AM - 03 Oct 2016,231
09:01 AM - 03 Oct 2016,10:01 AM - 03 Oct 2016,212
10:01 AM - 03 Oct 2016,11:01 AM - 03 Oct 2016,256
11:01 AM - 03 Oct 2016,12:01 PM - 03 Oct 2016,206
12:01 PM - 03 Oct 2016,01:01 PM - 03 Oct 2016,279
01:01 PM - 03 Oct 2016,02:01 PM - 03 Oct 2016,396
02:01 PM - 03 Oct 2016,03:01 PM - 03 Oct 2016,528
03:01 PM - 03 Oct 2016,04:01 PM - 03 Oct 2016,1339
04:01 PM - 03 Oct 2016,05:01 PM - 03 Oct 2016,4371
05:01 PM - 03 Oct 2016,06:01 PM - 03 Oct 2016,48
06:01 PM - 03 Oct 2016,07:01 PM - 03 Oct 2016,51
07:01 PM - 03 Oct 2016,08:01 PM - 03 Oct 2016,28
08:01 PM - 03 Oct 2016,09:01 PM - 03 Oct 2016,71
09:01 PM - 03 Oct 2016,10:01 PM - 03 Oct 2016,46
10:01 PM - 03 Oct 2016,11:01 PM - 03 Oct 2016,83
11:01 PM - 03 Oct 2016,12:01 AM - 04 Oct 2016,108
12:01 AM - 04 Oct 2016,01:01 AM - 04 Oct 2016,93
01:01 AM - 04 Oct 2016,02:01 AM - 04 Oct 2016,91
02:01 AM - 04 Oct 2016,03:01 AM - 04 Oct 2016,104
03:01 AM - 04 Oct 2016,04:01 AM - 04 Oct 2016,94
04:01 AM - 04 Oct 2016,05:01 AM - 04 Oct 2016,101
05:01 AM - 04 Oct 2016,06:01 AM - 04 Oct 2016,97
06:01 AM - 04 Oct 2016,07:01 AM - 04 Oct 2016,112
07:01 AM - 04 Oct 2016,08:01 AM - 04 Oct 2016,140
08:01 AM - 04 Oct 2016,09:01 AM - 04 Oct 2016,163
09:01 AM - 04 Oct 2016,10:01 AM - 04 Oct 2016,275
10:01 AM - 04 Oct 2016,11:01 AM - 04 Oct 2016,298
11:01 AM - 04 Oct 2016,12:01 PM - 04 Oct 2016,291
12:01 PM - 04 Oct 2016,01:01 PM - 04 Oct 2016,317
01:01 PM - 04 Oct 2016,02:01 PM - 04 Oct 2016,457
02:01 PM - 04 Oct 2016,03:01 PM - 04 Oct 2016,657
03:01 PM - 04 Oct 2016,04:01 PM - 04 Oct 2016,1091
04:01 PM - 04 Oct 2016,05:01 PM - 04 Oct 2016,4078
05:01 PM - 04 Oct 2016,06:01 PM - 04 Oct 2016,24
06:01 PM - 04 Oct 2016,07:01 PM - 04 Oct 2016,30
07:01 PM - 04 Oct 2016,08:01 PM - 04 Oct 2016,24
08:01 PM - 04 Oct 2016,09:01 PM - 04 Oct 2016,37
09:01 PM - 04 Oct 2016,10:01 PM - 04 Oct 2016,32
10:01 PM - 04 Oct 2016,11:01 PM - 04 Oct 2016,48
11:01 PM - 04 Oct 2016,12:01 AM - 05 Oct 2016,68
12:01 AM - 05 Oct 2016,01:01 AM - 05 Oct 2016,43
01:01 AM - 05 Oct 2016,02:01 AM - 05 Oct 2016,71
02:01 AM - 05 Oct 2016,03:01 AM - 05 Oct 2016,80
03:01 AM - 05 Oct 2016,04:01 AM - 05 Oct 2016,65
04:01 AM - 05 Oct 2016,05:01 AM - 05 Oct 2016,83
05:01 AM - 05 Oct 2016,06:01 AM - 05 Oct 2016,126
06:01 AM - 05 Oct 2016,07:01 AM - 05 Oct 2016,97
07:01 AM - 05 Oct 2016,08:01 AM - 05 Oct 2016,188
08:01 AM - 05 Oct 2016,09:01 AM - 05 Oct 2016,184
09:01 AM - 05 Oct 2016,10:01 AM - 05 Oct 2016,256
10:01 AM - 05 Oct 2016,11:01 AM - 05 Oct 2016,281
11:01 AM - 05 Oct 2016,12:01 PM - 05 Oct 2016,328
12:01 PM - 05 Oct 2016,01:01 PM - 05 Oct 2016,483
01:01 PM - 05 Oct 2016,02:01 PM - 05 Oct 2016,504
02:01 PM - 05 Oct 2016,03:01 PM - 05 Oct 2016,528
03:01 PM - 05 Oct 2016,04:01 PM - 05 Oct 2016,1019
04:01 PM - 05 Oct 2016,05:01 PM - 05 Oct 2016,3722
05:01 PM - 05 Oct 2016,06:01 PM - 05 Oct 2016,11
06:01 PM - 05 Oct 2016,07:01 PM - 05 Oct 2016,25
07:01 PM - 05 Oct 2016,08:01 PM - 05 Oct 2016,22
08:01 PM - 05 Oct 2016,09:01 PM - 05 Oct 2016,43
09:01 PM - 05 Oct 2016,10:01 PM - 05 Oct 2016,24
10:01 PM - 05 Oct 2016,11:01 PM - 05 Oct 2016,25
11:01 PM - 05 Oct 2016,12:01 AM - 06 Oct 2016,24
12:01 AM - 06 Oct 2016,01:01 AM - 06 Oct 2016,48
01:01 AM - 06 Oct 2016,02:01 AM - 06 Oct 2016,62
02:01 AM - 06 Oct 2016,03:01 AM - 06 Oct 2016,74
03:01 AM - 06 Oct 2016,04:01 AM - 06 Oct 2016,72
04:01 AM - 06 Oct 2016,05:01 AM - 06 Oct 2016,70
05:01 AM - 06 Oct 2016,06:01 AM - 06 Oct 2016,83
06:01 AM - 06 Oct 2016,07:01 AM - 06 Oct 2016,121
07:01 AM - 06 Oct 2016,08:01 AM - 06 Oct 2016,126
08:01 AM - 06 Oct 2016,09:01 AM - 06 Oct 2016,190
09:01 AM - 06 Oct 2016,10:01 AM - 06 Oct 2016,242
10:01 AM - 06 Oct 2016,11:01 AM - 06 Oct 2016,225
11:01 AM - 06 Oct 2016,12:01 PM - 06 Oct 2016,239
12:01 PM - 06 Oct 2016,01:01 PM - 06 Oct 2016,270
01:01 PM - 06 Oct 2016,02:01 PM - 06 Oct 2016,350
02:01 PM - 06 Oct 2016,03:01 PM - 06 Oct 2016,392
03:01 PM - 06 Oct 2016,04:01 PM - 06 Oct 2016,883
04:01 PM - 06 Oct 2016,05:01 PM - 06 Oct 2016,4064
05:01 PM - 06 Oct 2016,06:01 PM - 06 Oct 2016,14
06:01 PM - 06 Oct 2016,07:01 PM - 06 Oct 2016,21
07:01 PM - 06 Oct 2016,08:01 PM - 06 Oct 2016,17
08:01 PM - 06 Oct 2016,09:01 PM - 06 Oct 2016,45
09:01 PM - 06 Oct 2016,10:01 PM - 06 Oct 2016,36
10:01 PM - 06 Oct 2016,11:01 PM - 06 Oct 2016,39
11:01 PM - 06 Oct 2016,12:01 AM - 07 Oct 2016,43
12:01 AM - 07 Oct 2016,01:01 AM - 07 Oct 2016,49
01:01 AM - 07 Oct 2016,02:01 AM - 07 Oct 2016,47
02:01 AM - 07 Oct 2016,03:01 AM - 07 Oct 2016,66
03:01 AM - 07 Oct 2016,04:01 AM - 07 Oct 2016,76
04:01 AM - 07 Oct 2016,05:01 AM - 07 Oct 2016,120
05:01 AM - 07 Oct 2016,06:01 AM - 07 Oct 2016,112
06:01 AM - 07 Oct 2016,07:01 AM - 07 Oct 2016,151
07:01 AM - 07 Oct 2016,08:01 AM - 07 Oct 2016,186
08:01 AM - 07 Oct 2016,09:01 AM - 07 Oct 2016,221
09:01 AM - 07 Oct 2016,10:01 AM - 07 Oct 2016,198
10:01 AM - 07 Oct 2016,11:01 AM - 07 Oct 2016,254
11:01 AM - 07 Oct 2016,12:01 PM - 07 Oct 2016,318
12:01 PM - 07 Oct 2016,01:01 PM - 07 Oct 2016,340
01:01 PM - 07 Oct 2016,02:01 PM - 07 Oct 2016,453
02:01 PM - 07 Oct 2016,03:01 PM - 07 Oct 2016,548
03:01 PM - 07 Oct 2016,04:01 PM - 07 Oct 2016,1074
04:01 PM - 07 Oct 2016,05:01 PM - 07 Oct 2016,4223
05:01 PM - 07 Oct 2016,06:01 PM - 07 Oct 2016,13
06:01 PM - 07 Oct 2016,07:01 PM - 07 Oct 2016,31
07:01 PM - 07 Oct 2016,08:01 PM - 07 Oct 2016,54
08:01 PM - 07 Oct 2016,09:01 PM - 07 Oct 2016,28
09:01 PM - 07 Oct 2016,10:01 PM - 07 Oct 2016,18
10:01 PM - 07 Oct 2016,11:01 PM - 07 Oct 2016,19
11:01 PM - 07 Oct 2016,12:01 AM - 08 Oct 2016,25
12:01 AM - 08 Oct 2016,01:01 AM - 08 Oct 2016,41
01:01 AM - 08 Oct 2016,02:01 AM - 08 Oct 2016,39
02:01 AM - 08 Oct 2016,03:01 AM - 08 Oct 2016,45
03:01 AM - 08 Oct 2016,04:01 AM - 08 Oct 2016,56
04:01 AM - 08 Oct 2016,05:01 AM - 08 Oct 2016,79
05:01 AM - 08 Oct 2016,06:01 AM - 08 Oct 2016,92
06:01 AM - 08 Oct 2016,07:01 AM - 08 Oct 2016,102
07:01 AM - 08 Oct 2016,08:01 AM - 08 Oct 2016,128
08:01 AM - 08 Oct 2016,09:01 AM - 08 Oct 2016,150
09:01 AM - 08 Oct 2016,10:01 AM - 08 Oct 2016,222
10:01 AM - 08 Oct 2016,11:01 AM - 08 Oct 2016,353
11:01 AM - 08 Oct 2016,12:01 PM - 08 Oct 2016,380
12:01 PM - 08 Oct 2016,01:01 PM - 08 Oct 2016,376
01:01 PM - 08 Oct 2016,02:01 PM - 08 Oct 2016,531
02:01 PM - 08 Oct 2016,03:01 PM - 08 Oct 2016,691
03:01 PM - 08 Oct 2016,04:01 PM - 08 Oct 2016,858
04:01 PM - 08 Oct 2016,05:01 PM - 08 Oct 2016,3949
05:01 PM - 08 Oct 2016,06:01 PM - 08 Oct 2016,13
06:01 PM - 08 Oct 2016,07:01 PM - 08 Oct 2016,15
07:01 PM - 08 Oct 2016,08:01 PM - 08 Oct 2016,19
08:01 PM - 08 Oct 2016,09:01 PM - 08 Oct 2016,29
09:01 PM - 08 Oct 2016,10:01 PM - 08 Oct 2016,36
10:01 PM - 08 Oct 2016,11:01 PM - 08 Oct 2016,57
11:01 PM - 08 Oct 2016,12:01 AM - 09 Oct 2016,104
12:01 AM - 09 Oct 2016,01:01 AM - 09 Oct 2016,78
01:01 AM - 09 Oct 2016,02:01 AM - 09 Oct 2016,62
02:01 AM - 09 Oct 2016,03:01 AM - 09 Oct 2016,65
03:01 AM - 09 Oct 2016,04:01 AM - 09 Oct 2016,96
04:01 AM - 09 Oct 2016,05:01 AM - 09 Oct 2016,73
05:01 AM - 09 Oct 2016,06:01 AM - 09 Oct 2016,127
06:01 AM - 09 Oct 2016,07:01 AM - 09 Oct 2016,130
07:01 AM - 09 Oct 2016,08:01 AM - 09 Oct 2016,146
08:01 AM - 09 Oct 2016,09:01 AM - 09 Oct 2016,182
09:01 AM - 09 Oct 2016,10:01 AM - 09 Oct 2016,257
10:01 AM - 09 Oct 2016,11:01 AM - 09 Oct 2016,254
11:01 AM - 09 Oct 2016,12:01 PM - 09 Oct 2016,324
12:01 PM - 09 Oct 2016,01:01 PM - 09 Oct 2016,314
01:01 PM - 09 Oct 2016,02:01 PM - 09 Oct 2016,365
02:01 PM - 09 Oct 2016,03:01 PM - 09 Oct 2016,577
03:01 PM - 09 Oct 2016,04:01 PM - 09 Oct 2016,1279
04:01 PM - 09 Oct 2016,05:01 PM - 09 Oct 2016,4101
05:01 PM - 09 Oct 2016,06:01 PM - 09 Oct 2016,11
06:01 PM - 09 Oct 2016,07:01 PM - 09 Oct 2016,22
07:01 PM - 09 Oct 2016,08:01 PM - 09 Oct 2016,55
08:01 PM - 09 Oct 2016,09:01 PM - 09 Oct 2016,49
09:01 PM - 09 Oct 2016,10:01 PM - 09 Oct 2016,44
10:01 PM - 09 Oct 2016,11:01 PM - 09 Oct 2016,71
11:01 PM - 09 Oct 2016,12:01 AM - 10 Oct 2016,72
12:01 AM - 10 Oct 2016,01:01 AM - 10 Oct 2016,96
01:01 AM - 10 Oct 2016,02:01 AM - 10 Oct 2016,77
02:01 AM - 10 Oct 2016,03:01 AM - 10 Oct 2016,86
03:01 AM - 10 Oct 2016,04:01 AM - 10 Oct 2016,107
04:01 AM - 10 Oct 2016,05:01 AM - 10 Oct 2016,108
05:01 AM - 10 Oct 2016,06:01 AM - 10 Oct 2016,155
06:01 AM - 10 Oct 2016,07:01 AM - 10 Oct 2016,149
07:01 AM - 10 Oct 2016,08:01 AM - 10 Oct 2016,168
08:01 AM - 10 Oct 2016,09:01 AM - 10 Oct 2016,189
09:01 AM - 10 Oct 2016,10:01 AM - 10 Oct 2016,235
10:01 AM - 10 Oct 2016,11:01 AM - 10 Oct 2016,291
11:01 AM - 10 Oct 2016,12:01 PM - 10 Oct 2016,365
12:01 PM - 10 Oct 2016,01:01 PM - 10 Oct 2016,509
01:01 PM - 10 Oct 2016,02:01 PM - 10 Oct 2016,498
02:01 PM - 10 Oct 2016,03:01 PM - 10 Oct 2016,684
03:01 PM - 10 Oct 2016,04:01 PM - 10 Oct 2016,1270
04:01 PM - 10 Oct 2016,05:01 PM - 10 Oct 2016,4327
05:01 PM - 10 Oct 2016,06:01 PM - 10 Oct 2016,31
06:01 PM - 10 Oct 2016,07:01 PM - 10 Oct 2016,28
07:01 PM - 10 Oct 2016,08:01 PM - 10 Oct 2016,48
08:01 PM - 10 Oct 2016,09:01 PM - 10 Oct 2016,55
09:01 PM - 10 Oct 2016,10:01 PM - 10 Oct 2016,37
10:01 PM - 10 Oct 2016,11:01 PM - 10 Oct 2016,70
11:01 PM - 10 Oct 2016,12:01 AM - 11 Oct 2016,53
12:01 AM - 11 Oct 2016,01:01 AM - 11 Oct 2016,43
01:01 AM - 11 Oct 2016,02:01 AM - 11 Oct 2016,58
02:01 AM - 11 Oct 2016,03:01 AM - 11 Oct 2016,84
03:01 AM - 11 Oct 2016,04:01 AM - 11 Oct 2016,118
04:01 AM - 11 Oct 2016,05:01 AM - 11 Oct 2016,116
05:01 AM - 11 Oct 2016,06:01 AM - 11 Oct 2016,84
06:01 AM - 11 Oct 2016,07:01 AM - 11 Oct 2016,117
07:01 AM - 11 Oct 2016,08:01 AM - 11 Oct 2016,155
08:01 AM - 11 Oct 2016,09:01 AM - 11 Oct 2016,167
09:01 AM - 11 Oct 2016,10:01 AM - 11 Oct 2016,212
10:01 AM - 11 Oct 2016,11:01 AM - 11 Oct 2016,231
11:01 AM - 11 Oct 2016,12:01 PM - 11 Oct 2016,238
12:01 PM - 11 Oct 2016,01:01 PM - 11 Oct 2016,496
01:01 PM - 11 Oct 2016,02:01 PM - 11 Oct 2016,499
02:01 PM - 11 Oct 2016,03:01 PM - 11 Oct 2016,618
03:01 PM - 11 Oct 2016,04:01 PM - 11 Oct 2016,1082
04:01 PM - 11 Oct 2016,05:01 PM - 11 Oct 2016,3746
05:01 PM - 11 Oct 2016,06:01 PM - 11 Oct 2016,22
06:01 PM - 11 Oct 2016,07:01 PM - 11 Oct 2016,30
07:01 PM - 11 Oct 2016,08:01 PM - 11 Oct 2016,65
08:01 PM - 11 Oct 2016,09:01 PM - 11 Oct 2016,21
09:01 PM - 11 Oct 2016,10:01 PM - 11 Oct 2016,34
10:01 PM - 11 Oct 2016,11:01 PM - 11 Oct 2016,23
11:01 PM - 11 Oct 2016,12:01 AM - 12 Oct 2016,30
12:01 AM - 12 Oct 2016,01:01 AM - 12 Oct 2016,42
01:01 AM - 12 Oct 2016,02:01 AM - 12 Oct 2016,40
02:01 AM - 12 Oct 2016,03:01 AM - 12 Oct 2016,57
03:01 AM - 12 Oct 2016,04:01 AM - 12 Oct 2016,62
04:01 AM - 12 Oct 2016,05:01 AM - 12 Oct 2016,66
05:01 AM - 12 Oct 2016,06:01 AM - 12 Oct 2016,100
06:01 AM - 12 Oct 2016,07:01 AM - 12 Oct 2016,102
07:01 AM - 12 Oct 2016,08:01 AM - 12 Oct 2016,185
08:01 AM - 12 Oct 2016,09:01 AM - 12 Oct 2016,184
09:01 AM - 12 Oct 2016,10:01 AM - 12 Oct 2016,172
10:01 AM - 12 Oct 2016,11:01 AM - 12 Oct 2016,171
11:01 AM - 12 Oct 2016,12:01 PM - 12 Oct 2016,216
12:01 PM - 12 Oct 2016,01:01 PM - 12 Oct 2016,262
01:01 PM - 12 Oct 2016,02:01 PM - 12 Oct 2016,275
02:01 PM - 12 Oct 2016,03:01 PM - 12 Oct 2016,413
03:01 PM - 12 Oct 2016,04:01 PM - 12 Oct 2016,772
04:01 PM - 12 Oct 2016,05:01 PM - 12 Oct 2016,3316
05:01 PM - 12 Oct 2016,06:01 PM - 12 Oct 2016,19
06:01 PM - 12 Oct 2016,07:01 PM - 12 Oct 2016,23
07:01 PM - 12 Oct 2016,08:01 PM - 12 Oct 2016,39
08:01 PM - 12 Oct 2016,09:01 PM - 12 Oct 2016,45
09:01 PM - 12 Oct 2016,10:01 PM - 12 Oct 2016,63
10:01 PM - 12 Oct 2016,11:01 PM - 12 Oct 2016,67
11:01 PM - 12 Oct 2016,12:01 AM - 13 Oct 2016,88
12:01 AM - 13 Oct 2016,01:01 AM - 13 Oct 2016,75
01:01 AM - 13 Oct 2016,02:01 AM - 13 Oct 2016,102
02:01 AM - 13 Oct 2016,03:01 AM - 13 Oct 2016,101
03:01 AM - 13 Oct 2016,04:01 AM - 13 Oct 2016,78
04:01 AM - 13 Oct 2016,05:01 AM - 13 Oct 2016,76
05:01 AM - 13 Oct 2016,06:01 AM - 13 Oct 2016,100
06:01 AM - 13 Oct 2016,07:01 AM - 13 Oct 2016,124
07:01 AM - 13 Oct 2016,08:01 AM - 13 Oct 2016,134
08:01 AM - 13 Oct 2016,09:01 AM - 13 Oct 2016,157
09:01 AM - 13 Oct 2016,10:01 AM - 13 Oct 2016,196
10:01 AM - 13 Oct 2016,11:01 AM - 13 Oct 2016,189
11:01 AM - 13 Oct 2016,12:01 PM - 13 Oct 2016,244
12:01 PM - 13 Oct 2016,01:01 PM - 13 Oct 2016,331
01:01 PM - 13 Oct 2016,02:01 PM - 13 Oct 2016,473
02:01 PM - 13 Oct 2016,03:01 PM - 13 Oct 2016,595
03:01 PM - 13 Oct 2016,04:01 PM - 13 Oct 2016,1198
04:01 PM - 13 Oct 2016,05:01 PM - 13 Oct 2016,3926
05:01 PM - 13 Oct 2016,06:01 PM - 13 Oct 2016,20
06:01 PM - 13 Oct 2016,07:01 PM - 13 Oct 2016,22
07:01 PM - 13 Oct 2016,08:01 PM - 13 Oct 2016,37
08:01 PM - 13 Oct 2016,09:01 PM - 13 Oct 2016,34
09:01 PM - 13 Oct 2016,10:01 PM - 13 Oct 2016,44
10:01 PM - 13 Oct 2016,11:01 PM - 13 Oct 2016,21
11:01 PM - 13 Oct 2016,12:01 AM - 14 Oct 2016,59
12:01 AM - 14 Oct 2016,01:01 AM - 14 Oct 2016,49
01:01 AM - 14 Oct 2016,02:01 AM - 14 Oct 2016,55
02:01 AM - 14 Oct 2016,03:01 AM - 14 Oct 2016,63
03:01 AM - 14 Oct 2016,04:01 AM - 14 Oct 2016,69
04:01 AM - 14 Oct 2016,05:01 AM - 14 Oct 2016,66
05:01 AM - 14 Oct 2016,06:01 AM - 14 Oct 2016,98
06:01 AM - 14 Oct 2016,07:01 AM - 14 Oct 2016,107
07:01 AM - 14 Oct 2016,08:01 AM - 14 Oct 2016,116
08:01 AM - 14 Oct 2016,09:01 AM - 14 Oct 2016,206
09:01 AM - 14 Oct 2016,10:01 AM - 14 Oct 2016,236
10:01 AM - 14 Oct 2016,11:01 AM - 14 Oct 2016,242
11:01 AM - 14 Oct 2016,12:01 PM - 14 Oct 2016,343
12:01 PM - 14 Oct 2016,01:01 PM - 14 Oct 2016,306
01:01 PM - 14 Oct 2016,02:01 PM - 14 Oct 2016,582
02:01 PM - 14 Oct 2016,03:01 PM - 14 Oct 2016,570
03:01 PM - 14 Oct 2016,04:01 PM - 14 Oct 2016,1075
04:01 PM - 14 Oct 2016,05:01 PM - 14 Oct 2016,3709
05:01 PM - 14 Oct 2016,06:01 PM - 14 Oct 2016,22
06:01 PM - 14 Oct 2016,07:01 PM - 14 Oct 2016,26
07:01 PM - 14 Oct 2016,08:01 PM - 14 Oct 2016,26
08:01 PM - 14 Oct 2016,09:01 PM - 14 Oct 2016,30
09:01 PM - 14 Oct 2016,10:01 PM - 14 Oct 2016,52
10:01 PM - 14 Oct 2016,11:01 PM - 14 Oct 2016,85
11:01 PM - 14 Oct 2016,12:01 AM - 15 Oct 2016,63
12:01 AM - 15 Oct 2016,01:01 AM - 15 Oct 2016,51
01:01 AM - 15 Oct 2016,02:01 AM - 15 Oct 2016,53
02:01 AM - 15 Oct 2016,03:01 AM - 15 Oct 2016,71
03:01 AM - 15 Oct 2016,04:01 AM - 15 Oct 2016,75
04:01 AM - 15 Oct 2016,05:01 AM - 15 Oct 2016,112
05:01 AM - 15 Oct 2016,06:01 AM - 15 Oct 2016,114
06:01 AM - 15 Oct 2016,07:01 AM - 15 Oct 2016,124
07:01 AM - 15 Oct 2016,08:01 AM - 15 Oct 2016,162
08:01 AM - 15 Oct 2016,09:01 AM - 15 Oct 2016,248
09:01 AM - 15 Oct 2016,10:01 AM - 15 Oct 2016,282
10:01 AM - 15 Oct 2016,11:01 AM - 15 Oct 2016,257
11:01 AM - 15 Oct 2016,12:01 PM - 15 Oct 2016,237
12:01 PM - 15 Oct 2016,01:01 PM - 15 Oct 2016,249
01:01 PM - 15 Oct 2016,02:01 PM - 15 Oct 2016,342
02:01 PM - 15 Oct 2016,03:01 PM - 15 Oct 2016,422
03:01 PM - 15 Oct 2016,04:01 PM - 15 Oct 2016,749
04:01 PM - 15 Oct 2016,05:01 PM - 15 Oct 2016,3706
05:01 PM - 15 Oct 2016,06:01 PM - 15 Oct 2016,23
06:01 PM - 15 Oct 2016,07:01 PM - 15 Oct 2016,43
07:01 PM - 15 Oct 2016,08:01 PM - 15 Oct 2016,72
08:01 PM - 15 Oct 2016,09:01 PM - 15 Oct 2016,47
09:01 PM - 15 Oct 2016,10:01 PM - 15 Oct 2016,42
10:01 PM - 15 Oct 2016,11:01 PM - 15 Oct 2016,42
11:01 PM - 15 Oct 2016,12:01 AM - 16 Oct 2016,65
12:01 AM - 16 Oct 2016,01:01 AM - 16 Oct 2016,45
01:01 AM - 16 Oct 2016,02:01 AM - 16 Oct 2016,66
02:01 AM - 16 Oct 2016,03:01 AM - 16 Oct 2016,102
03:01 AM - 16 Oct 2016,04:01 AM - 16 Oct 2016,72
04:01 AM - 16 Oct 2016,05:01 AM - 16 Oct 2016,95
05:01 AM - 16 Oct 2016,06:01 AM - 16 Oct 2016,156
06:01 AM - 16 Oct 2016,07:01 AM - 16 Oct 2016,179
07:01 AM - 16 Oct 2016,08:01 AM - 16 Oct 2016,160
08:01 AM - 16 Oct 2016,09:01 AM - 16 Oct 2016,216
09:01 AM - 16 Oct 2016,10:01 AM - 16 Oct 2016,314
10:01 AM - 16 Oct 2016,11:01 AM - 16 Oct 2016,270
11:01 AM - 16 Oct 2016,12:01 PM - 16 Oct 2016,283
12:01 PM - 16 Oct 2016,01:01 PM - 16 Oct 2016,340
01:01 PM - 16 Oct 2016,02:01 PM - 16 Oct 2016,496
02:01 PM - 16 Oct 2016,03:01 PM - 16 Oct 2016,584
03:01 PM - 16 Oct 2016,04:01 PM - 16 Oct 2016,1086
04:01 PM - 16 Oct 2016,05:01 PM - 16 Oct 2016,4413
05:01 PM - 16 Oct 2016,06:01 PM - 16 Oct 2016,21
06:01 PM - 16 Oct 2016,07:01 PM - 16 Oct 2016,14
07:01 PM - 16 Oct 2016,08:01 PM - 16 Oct 2016,20
08:01 PM - 16 Oct 2016,09:01 PM - 16 Oct 2016,15
09:01 PM - 16 Oct 2016,10:01 PM - 16 Oct 2016,34
10:01 PM - 16 Oct 2016,11:01 PM - 16 Oct 2016,30
11:01 PM - 16 Oct 2016,12:01 AM - 17 Oct 2016,17
12:01 AM - 17 Oct 2016,01:01 AM - 17 Oct 2016,32
01:01 AM - 17 Oct 2016,02:01 AM - 17 Oct 2016,39
02:01 AM - 17 Oct 2016,03:01 AM - 17 Oct 2016,55
03:01 AM - 17 Oct 2016,04:01 AM - 17 Oct 2016,77
04:01 AM - 17 Oct 2016,05:01 AM - 17 Oct 2016,109
05:01 AM - 17 Oct 2016,06:01 AM - 17 Oct 2016,167
06:01 AM - 17 Oct 2016,07:01 AM - 17 Oct 2016,110
07:01 AM - 17 Oct 2016,08:01 AM - 17 Oct 2016,112
08:01 AM - 17 Oct 2016,09:01 AM - 17 Oct 2016,171
09:01 AM - 17 Oct 2016,10:01 AM - 17 Oct 2016,280
10:01 AM - 17 Oct 2016,11:01 AM - 17 Oct 2016,327
11:01 AM - 17 Oct 2016,12:01 PM - 17 Oct 2016,277
12:01 PM - 17 Oct 2016,01:01 PM - 17 Oct 2016,345
01:01 PM - 17 Oct 2016,02:01 PM - 17 Oct 2016,416
02:01 PM - 17 Oct 2016,03:01 PM - 17 Oct 2016,816
03:01 PM - 17 Oct 2016,04:01 PM - 17 Oct 2016,1032
04:01 PM - 17 Oct 2016,05:01 PM - 17 Oct 2016,3935
05:01 PM - 17 Oct 2016,06:01 PM - 17 Oct 2016,19
06:01 PM - 17 Oct 2016,07:01 PM - 17 Oct 2016,31
07:01 PM - 17 Oct 2016,08:01 PM - 17 Oct 2016,13
08:01 PM - 17 Oct 2016,09:01 PM - 17 Oct 2016,30
09:01 PM - 17 Oct 2016,10:01 PM - 17 Oct 2016,40
10:01 PM - 17 Oct 2016,11:01 PM - 17 Oct 2016,40
11:01 PM - 17 Oct 2016,12:01 AM - 18 Oct 2016,71
12:01 AM - 18 Oct 2016,01:01 AM - 18 Oct 2016,57
01:01 AM - 18 Oct 2016,02:01 AM - 18 Oct 2016,76
02:01 AM - 18 Oct 2016,03:01 AM - 18 Oct 2016,77
03:01 AM - 18 Oct 2016,04:01 AM - 18 Oct 2016,79
04:01 AM - 18 Oct 2016,05:01 AM - 18 Oct 2016,108
05:01 AM - 18 Oct 2016,06:01 AM - 18 Oct 2016,127
06:01 AM - 18 Oct 2016,07:01 AM - 18 Oct 2016,107
07:01 AM - 18 Oct 2016,08:01 AM - 18 Oct 2016,114
08:01 AM - 18 Oct 2016,09:01 AM - 18 Oct 2016,160
09:01 AM - 18 Oct 2016,10:01 AM - 18 Oct 2016,152
10:01 AM - 18 Oct 2016,11:01 AM - 18 Oct 2016,160
11:01 AM - 18 Oct 2016,12:01 PM - 18 Oct 2016,227
12:01 PM - 18 Oct 2016,01:01 PM - 18 Oct 2016,273
01:01 PM - 18 Oct 2016,02:01 PM - 18 Oct 2016,254
02:01 PM - 18 Oct 2016,03:01 PM - 18 Oct 2016,453
03:01 PM - 18 Oct 2016,04:01 PM - 18 Oct 2016,847
04:01 PM - 18 Oct 2016,05:01 PM - 18 Oct 2016,3906
05:01 PM - 18 Oct 2016,06:01 PM - 18 Oct 2016,28
06:01 PM - 18 Oct 2016,07:01 PM - 18 Oct 2016,21
07:01 PM - 18 Oct 2016,08:01 PM - 18 Oct 2016,25
08:01 PM - 18 Oct 2016,09:01 PM - 18 Oct 2016,18
09:01 PM - 18 Oct 2016,10:01 PM - 18 Oct 2016,34
10:01 PM - 18 Oct 2016,11:01 PM - 18 Oct 2016,22
11:01 PM - 18 Oct 2016,12:01 AM - 19 Oct 2016,29
12:01 AM - 19 Oct 2016,01:01 AM - 19 Oct 2016,25
01:01 AM - 19 Oct 2016,02:01 AM - 19 Oct 2016,58
02:01 AM - 19 Oct 2016,03:01 AM - 19 Oct 2016,55
03:01 AM - 19 Oct 2016,04:01 AM - 19 Oct 2016,46
04:01 AM - 19 Oct 2016,05:01 AM - 19 Oct 2016,72
05:01 AM - 19 Oct 2016,06:01 AM - 19 Oct 2016,80
06:01 AM - 19 Oct 2016,07:01 AM - 19 Oct 2016,114
07:01 AM - 19 Oct 2016,08:01 AM - 19 Oct 2016,169
08:01 AM - 19 Oct 2016,09:01 AM - 19 Oct 2016,170
09:01 AM - 19 Oct 2016,10:01 AM - 19 Oct 2016,225
10:01 AM - 19 Oct 2016,11:01 AM - 19 Oct 2016,203
11:01 AM - 19 Oct 2016,12:01 PM - 19 Oct 2016,312
12:01 PM - 19 Oct 2016,01:01 PM - 19 Oct 2016,400
01:01 PM - 19 Oct 2016,02:01 PM - 19 Oct 2016,536
02:01 PM - 19 Oct 2016,03:01 PM - 19 Oct 2016,539
03:01 PM - 19 Oct 2016,04:01 PM - 19 Oct 2016,1077
04:01 PM - 19 Oct 2016,05:01 PM - 19 Oct 2016,3503
05:01 PM - 19 Oct 2016,06:01 PM - 19 Oct 2016,12
06:01 PM - 19 Oct 2016,07:01 PM - 19 Oct 2016,25
07:01 PM - 19 Oct 2016,08:01 PM - 19 Oct 2016,24
08:01 PM - 19 Oct 2016,09:01 PM - 19 Oct 2016,44
09:01 PM - 19 Oct 2016,10:01 PM - 19 Oct 2016,59
10:01 PM - 19 Oct 2016,11:01 PM - 19 Oct 2016,51
11:01 PM - 19 Oct 2016,12:01 AM - 20 Oct 2016,59
12:01 AM - 20 Oct 2016,01:01 AM - 20 Oct 2016,64
01:01 AM - 20 Oct 2016,02:01 AM - 20 Oct 2016,67
02:01 AM - 20 Oct 2016,03:01 AM - 20 Oct 2016,63
03:01 AM - 20 Oct 2016,04:01 AM - 20 Oct 2016,75
04:01 AM - 20 Oct 2016,05:01 AM - 20 Oct 2016,124
05:01 AM - 20 Oct 2016,06:01 AM - 20 Oct 2016,120
06:01 AM - 20 Oct 2016,07:01 AM - 20 Oct 2016,112
07:01 AM - 20 Oct 2016,08:01 AM - 20 Oct 2016,151
08:01 AM - 20 Oct 2016,09:01 AM - 20 Oct 2016,180
09:01 AM - 20 Oct 2016,10:01 AM - 20 Oct 2016,220
10:01 AM - 20 Oct 2016,11:01 AM - 20 Oct 2016,204
11:01 AM - 20 Oct 2016,12:01 PM - 20 Oct 2016,300
12:01 PM - 20 Oct 2016,01:01 PM - 20 Oct 2016,406
01:01 PM - 20 Oct 2016,02:01 PM - 20 Oct 2016,367
02:01 PM - 20 Oct 2016,03:01 PM - 20 Oct 2016,502
03:01 PM - 20 Oct 2016,04:01 PM - 20 Oct 2016,970
04:01 PM - 20 Oct 2016,05:01 PM - 20 Oct 2016,3922
05:01 PM - 20 Oct 2016,06:01 PM - 20 Oct 2016,19
06:01 PM - 20 Oct 2016,07:01 PM - 20 Oct 2016,39
07:01 PM - 20 Oct 2016,08:01 PM - 20 Oct 2016,31
08:01 PM - 20 Oct 2016,09:01 PM - 20 Oct 2016,43
09:01 PM - 20 Oct 2016,10:01 PM - 20 Oct 2016,51
10:01 PM - 20 Oct 2016,11:01 PM - 20 Oct 2016,48
11:01 PM - 20 Oct 2016,12:01 AM - 21 Oct 2016,62
12:01 AM - 21 Oct 2016,01:01 AM - 21 Oct 2016,72
01:01 AM - 21 Oct 2016,02:01 AM - 21 Oct 2016,73
02:01 AM - 21 Oct 2016,03:01 AM - 21 Oct 2016,92
03:01 AM - 21 Oct 2016,04:01 AM - 21 Oct 2016,106
04:01 AM - 21 Oct 2016,05:01 AM - 21 Oct 2016,140
05:01 AM - 21 Oct 2016,06:01 AM - 21 Oct 2016,98
06:01 AM - 21 Oct 2016,07:01 AM - 21 Oct 2016,113
07:01 AM - 21 Oct 2016,08:01 AM - 21 Oct 2016,156
08:01 AM - 21 Oct 2016,09:01 AM - 21 Oct 2016,182
09:01 AM - 21 Oct 2016,10:01 AM - 21 Oct 2016,211
10:01 AM - 21 Oct 2016,11:01 AM - 21 Oct 2016,243
11:01 AM - 21 Oct 2016,12:01 PM - 21 Oct 2016,249
12:01 PM - 21 Oct 2016,01:01 PM - 21 Oct 2016,294
01:01 PM - 21 Oct 2016,02:01 PM - 21 Oct 2016,314
02:01 PM - 21 Oct 2016,03:01 PM - 21 Oct 2016,448
03:01 PM - 21 Oct 2016,04:01 PM - 21 Oct 2016,1168
04:01 PM - 21 Oct 2016,05:01 PM - 21 Oct 2016,4223
05:01 PM - 21 Oct 2016,06:01 PM - 21 Oct 2016,0
06:01 PM - 21 Oct 2016,07:01 PM - 21 Oct 2016,0
07:01 PM - 21 Oct 2016,08:01 PM - 21 Oct 2016,0
08:01 PM - 21 Oct 2016,09:01 PM - 21 Oct 2016,0
09:01 PM - 21 Oct 2016,10:01 PM - 21 Oct 2016,0
10:01 PM - 21 Oct 2016,11:01 PM - 21 Oct 2016,0
11:01 PM - 21 Oct 2016,12:01 AM - 22 Oct 2016,0
12:01 AM - 22 Oct 2016,01:01 AM - 22 Oct 2016,0
01:01 AM - 22 Oct 2016,02:01 AM - 22 Oct 2016,0
02:01 AM - 22 Oct 2016,03:01 AM - 22 Oct 2016,0
03:01 AM - 22 Oct 2016,04:01 AM - 22 Oct 2016,0
04:01 AM - 22 Oct 2016,05:01 AM - 22 Oct 2016,0
05:01 AM - 22 Oct 2016,06:01 AM - 22 Oct 2016,0
06:01 AM - 22 Oct 2016,07:01 AM - 22 Oct 2016,0
07:01 AM - 22 Oct 2016,08:01 AM - 22 Oct 2016,0
08:01 AM - 22 Oct 2016,09:01 AM - 22 Oct 2016,0
09:01 AM - 22 Oct 2016,10:01 AM - 22 Oct 2016,0
10:01 AM - 22 Oct 2016,11:01 AM - 22 Oct 2016,0
11:01 AM - 22 Oct 2016,12:01 PM - 22 Oct 2016,0
12:01 PM - 22 Oct 2016,01:01 PM - 22 Oct 2016,0
01:01 PM - 22 Oct 2016,02:01 PM - 22 Oct 2016,0
02:01 PM - 22 Oct 2016,03:01 PM - 22 Oct 2016,0
03:01 PM - 22 Oct 2016,04:01 PM - 22 Oct 2016,0
04:01 PM - 22 Oct 2016,05:01 PM - 22 Oct 2016,0
05:01 PM - 22 Oct 2016,06:01 PM - 22 Oct 2016,26
06:01 PM - 22 Oct 2016,07:01 PM - 22 Oct 2016,55
07:01 PM - 22 Oct 2016,08:01 PM - 22 Oct 2016,40
08:01 PM - 22 Oct 2016,09:01 PM - 22 Oct 2016,75
09:01 PM - 22 Oct 2016,10:01 PM - 22 Oct 2016,58
10:01 PM - 22 Oct 2016,11:01 PM - 22 Oct 2016,101
11:01 PM - 22 Oct 2016,12:01 AM - 23 Oct 2016,68
12:01 AM - 23 Oct 2016,01:01 AM - 23 Oct 2016,109
01:01 AM - 23 Oct 2016,02:01 AM - 23 Oct 2016,115
02:01 AM - 23 Oct 2016,03:01 AM - 23 Oct 2016,112
03:01 AM - 23 Oct 2016,04:01 AM - 23 Oct 2016,111
04:01 AM - 23 Oct 2016,05:01 AM - 23 Oct 2016,136
05:01 AM - 23 Oct 2016,06:01 AM - 23 Oct 2016,180
06:01 AM - 23 Oct 2016,07:01 AM - 23 Oct 2016,202
07:01 AM - 23 Oct 2016,08:01 AM - 23 Oct 2016,296
08:01 AM - 23 Oct 2016,09:01 AM - 23 Oct 2016,407
09:01 AM - 23 Oct 2016,10:01 AM - 23 Oct 2016,457
10:01 AM - 23 Oct 2016,11:01 AM - 23 Oct 2016,647
11:01 AM - 23 Oct 2016,12:01 PM - 23 Oct 2016,552
12:01 PM - 23 Oct 2016,01:01 PM - 23 Oct 2016,566
01:01 PM - 23 Oct 2016,02:01 PM - 23 Oct 2016,731
02:01 PM - 23 Oct 2016,03:01 PM - 23 Oct 2016,869
03:01 PM - 23 Oct 2016,04:01 PM - 23 Oct 2016,1898
04:01 PM - 23 Oct 2016,05:01 PM - 23 Oct 2016,8102
05:01 PM - 23 Oct 2016,06:01 PM - 23 Oct 2016,33
06:01 PM - 23 Oct 2016,07:01 PM - 23 Oct 2016,42
07:01 PM - 23 Oct 2016,08:01 PM - 23 Oct 2016,108
08:01 PM - 23 Oct 2016,09:01 PM - 23 Oct 2016,59
09:01 PM - 23 Oct 2016,10:01 PM - 23 Oct 2016,76
10:01 PM - 23 Oct 2016,11:01 PM - 23 Oct 2016,91
11:01 PM - 23 Oct 2016,12:01 AM - 24 Oct 2016,95
12:01 AM - 24 Oct 2016,01:01 AM - 24 Oct 2016,113
01:01 AM - 24 Oct 2016,02:01 AM - 24 Oct 2016,110
02:01 AM - 24 Oct 2016,03:01 AM - 24 Oct 2016,82
03:01 AM - 24 Oct 2016,04:01 AM - 24 Oct 2016,122
04:01 AM - 24 Oct 2016,05:01 AM - 24 Oct 2016,157
05:01 AM - 24 Oct 2016,06:01 AM - 24 Oct 2016,197
06:01 AM - 24 Oct 2016,07:01 AM - 24 Oct 2016,244
07:01 AM - 24 Oct 2016,08:01 AM - 24 Oct 2016,291
08:01 AM - 24 Oct 2016,09:01 AM - 24 Oct 2016,383
09:01 AM - 24 Oct 2016,10:01 AM - 24 Oct 2016,461
10:01 AM - 24 Oct 2016,11:01 AM - 24 Oct 2016,454
11:01 AM - 24 Oct 2016,12:01 PM - 24 Oct 2016,546
12:01 PM - 24 Oct 2016,01:01 PM - 24 Oct 2016,494
01:01 PM - 24 Oct 2016,02:01 PM - 24 Oct 2016,470
02:01 PM - 24 Oct 2016,03:01 PM - 24 Oct 2016,858
03:01 PM - 24 Oct 2016,04:01 PM - 24 Oct 2016,1460
04:01 PM - 24 Oct 2016,05:01 PM - 24 Oct 2016,6949
05:01 PM - 24 Oct 2016,06:01 PM - 24 Oct 2016,24
06:01 PM - 24 Oct 2016,07:01 PM - 24 Oct 2016,21
07:01 PM - 24 Oct 2016,08:01 PM - 24 Oct 2016,38
08:01 PM - 24 Oct 2016,09:01 PM - 24 Oct 2016,68
09:01 PM - 24 Oct 2016,10:01 PM - 24 Oct 2016,33
10:01 PM - 24 Oct 2016,11:01 PM - 24 Oct 2016,40
11:01 PM - 24 Oct 2016,12:01 AM - 25 Oct 2016,36
12:01 AM - 25 Oct 2016,01:01 AM - 25 Oct 2016,43
01:01 AM - 25 Oct 2016,02:01 AM - 25 Oct 2016,31
02:01 AM - 25 Oct 2016,03:01 AM - 25 Oct 2016,42
03:01 AM - 25 Oct 2016,04:01 AM - 25 Oct 2016,65
04:01 AM - 25 Oct 2016,05:01 AM - 25 Oct 2016,60
05:01 AM - 25 Oct 2016,06:01 AM - 25 Oct 2016,82
06:01 AM - 25 Oct 2016,07:01 AM - 25 Oct 2016,114
07:01 AM - 25 Oct 2016,08:01 AM - 25 Oct 2016,196
08:01 AM - 25 Oct 2016,09:01 AM - 25 Oct 2016,184
09:01 AM - 25 Oct 2016,10:01 AM - 25 Oct 2016,298
10:01 AM - 25 Oct 2016,11:01 AM - 25 Oct 2016,255
11:01 AM - 25 Oct 2016,12:01 PM - 25 Oct 2016,276
12:01 PM - 25 Oct 2016,01:01 PM - 25 Oct 2016,290
01:01 PM - 25 Oct 2016,02:01 PM - 25 Oct 2016,535
02:01 PM - 25 Oct 2016,03:01 PM - 25 Oct 2016,740
03:01 PM - 25 Oct 2016,04:01 PM - 25 Oct 2016,1085
04:01 PM - 25 Oct 2016,05:01 PM - 25 Oct 2016,4836
05:01 PM - 25 Oct 2016,06:01 PM - 25 Oct 2016,11
06:01 PM - 25 Oct 2016,07:01 PM - 25 Oct 2016,19
07:01 PM - 25 Oct 2016,08:01 PM - 25 Oct 2016,44
08:01 PM - 25 Oct 2016,09:01 PM - 25 Oct 2016,18
09:01 PM - 25 Oct 2016,10:01 PM - 25 Oct 2016,19
10:01 PM - 25 Oct 2016,11:01 PM - 25 Oct 2016,28
11:01 PM - 25 Oct 2016,12:01 AM - 26 Oct 2016,29
12:01 AM - 26 Oct 2016,01:01 AM - 26 Oct 2016,39
01:01 AM - 26 Oct 2016,02:01 AM - 26 Oct 2016,50
02:01 AM - 26 Oct 2016,03:01 AM - 26 Oct 2016,67
03:01 AM - 26 Oct 2016,04:01 AM - 26 Oct 2016,72
04:01 AM - 26 Oct 2016,05:01 AM - 26 Oct 2016,92
05:01 AM - 26 Oct 2016,06:01 AM - 26 Oct 2016,132
06:01 AM - 26 Oct 2016,07:01 AM - 26 Oct 2016,131
07:01 AM - 26 Oct 2016,08:01 AM - 26 Oct 2016,162
08:01 AM - 26 Oct 2016,09:01 AM - 26 Oct 2016,154
09:01 AM - 26 Oct 2016,10:01 AM - 26 Oct 2016,188
10:01 AM - 26 Oct 2016,11:01 AM - 26 Oct 2016,226
11:01 AM - 26 Oct 2016,12:01 PM - 26 Oct 2016,223
12:01 PM - 26 Oct 2016,01:01 PM - 26 Oct 2016,291
01:01 PM - 26 Oct 2016,02:01 PM - 26 Oct 2016,357
02:01 PM - 26 Oct 2016,03:01 PM - 26 Oct 2016,532
03:01 PM - 26 Oct 2016,04:01 PM - 26 Oct 2016,1150
04:01 PM - 26 Oct 2016,05:01 PM - 26 Oct 2016,4181
05:01 PM - 26 Oct 2016,06:01 PM - 26 Oct 2016,12
06:01 PM - 26 Oct 2016,07:01 PM - 26 Oct 2016,22
07:01 PM - 26 Oct 2016,08:01 PM - 26 Oct 2016,29
08:01 PM - 26 Oct 2016,09:01 PM - 26 Oct 2016,21
09:01 PM - 26 Oct 2016,10:01 PM - 26 Oct 2016,35
10:01 PM - 26 Oct 2016,11:01 PM - 26 Oct 2016,47
11:01 PM - 26 Oct 2016,12:01 AM - 27 Oct 2016,51
12:01 AM - 27 Oct 2016,01:01 AM - 27 Oct 2016,35
01:01 AM - 27 Oct 2016,02:01 AM - 27 Oct 2016,38
02:01 AM - 27 Oct 2016,03:01 AM - 27 Oct 2016,51
03:01 AM - 27 Oct 2016,04:01 AM - 27 Oct 2016,60
04:01 AM - 27 Oct 2016,05:01 AM - 27 Oct 2016,64
05:01 AM - 27 Oct 2016,06:01 AM - 27 Oct 2016,58
06:01 AM - 27 Oct 2016,07:01 AM - 27 Oct 2016,65
07:01 AM - 27 Oct 2016,08:01 AM - 27 Oct 2016,115
08:01 AM - 27 Oct 2016,09:01 AM - 27 Oct 2016,157
09:01 AM - 27 Oct 2016,10:01 AM - 27 Oct 2016,172
10:01 AM - 27 Oct 2016,11:01 AM - 27 Oct 2016,224
11:01 AM - 27 Oct 2016,12:01 PM - 27 Oct 2016,384
12:01 PM - 27 Oct 2016,01:01 PM - 27 Oct 2016,401
01:01 PM - 27 Oct 2016,02:01 PM - 27 Oct 2016,504
02:01 PM - 27 Oct 2016,03:01 PM - 27 Oct 2016,629
03:01 PM - 27 Oct 2016,04:01 PM - 27 Oct 2016,740
04:01 PM - 27 Oct 2016,05:01 PM - 27 Oct 2016,3495
05:01 PM - 27 Oct 2016,06:01 PM - 27 Oct 2016,29
06:01 PM - 27 Oct 2016,07:01 PM - 27 Oct 2016,29
07:01 PM - 27 Oct 2016,08:01 PM - 27 Oct 2016,60
08:01 PM - 27 Oct 2016,09:01 PM - 27 Oct 2016,28
09:01 PM - 27 Oct 2016,10:01 PM - 27 Oct 2016,44
10:01 PM - 27 Oct 2016,11:01 PM - 27 Oct 2016,39
11:01 PM - 27 Oct 2016,12:01 AM - 28 Oct 2016,41
12:01 AM - 28 Oct 2016,01:01 AM - 28 Oct 2016,45
01:01 AM - 28 Oct 2016,02:01 AM - 28 Oct 2016,37
02:01 AM - 28 Oct 2016,03:01 AM - 28 Oct 2016,52
03:01 AM - 28 Oct 2016,04:01 AM - 28 Oct 2016,63
04:01 AM - 28 Oct 2016,05:01 AM - 28 Oct 2016,81
05:01 AM - 28 Oct 2016,06:01 AM - 28 Oct 2016,64
06:01 AM - 28 Oct 2016,07:01 AM - 28 Oct 2016,126
07:01 AM - 28 Oct 2016,08:01 AM - 28 Oct 2016,108
08:01 AM - 28 Oct 2016,09:01 AM - 28 Oct 2016,249
09:01 AM - 28 Oct 2016,10:01 AM - 28 Oct 2016,241
10:01 AM - 28 Oct 2016,11:01 AM - 28 Oct 2016,201
11:01 AM - 28 Oct 2016,12:01 PM - 28 Oct 2016,193
12:01 PM - 28 Oct 2016,01:01 PM - 28 Oct 2016,250
01:01 PM - 28 Oct 2016,02:01 PM - 28 Oct 2016,302
02:01 PM - 28 Oct 2016,03:01 PM - 28 Oct 2016,294
03:01 PM - 28 Oct 2016,04:01 PM - 28 Oct 2016,1328
04:01 PM - 28 Oct 2016,05:01 PM - 28 Oct 2016,5033
05:01 PM - 28 Oct 2016,06:01 PM - 28 Oct 2016,12
06:01 PM - 28 Oct 2016,07:01 PM - 28 Oct 2016,6
07:01 PM - 28 Oct 2016,08:01 PM - 28 Oct 2016,25
08:01 PM - 28 Oct 2016,09:01 PM - 28 Oct 2016,27
09:01 PM - 28 Oct 2016,10:01 PM - 28 Oct 2016,19
10:01 PM - 28 Oct 2016,11:01 PM - 28 Oct 2016,38
11:01 PM - 28 Oct 2016,12:01 AM - 29 Oct 2016,56
12:01 AM - 29 Oct 2016,01:01 AM - 29 Oct 2016,31
01:01 AM - 29 Oct 2016,02:01 AM - 29 Oct 2016,43
02:01 AM - 29 Oct 2016,03:01 AM - 29 Oct 2016,50
03:01 AM - 29 Oct 2016,04:01 AM - 29 Oct 2016,52
04:01 AM - 29 Oct 2016,05:01 AM - 29 Oct 2016,57
05:01 AM - 29 Oct 2016,06:01 AM - 29 Oct 2016,81
06:01 AM - 29 Oct 2016,07:01 AM - 29 Oct 2016,129
07:01 AM - 29 Oct 2016,08:01 AM - 29 Oct 2016,157
08:01 AM - 29 Oct 2016,09:01 AM - 29 Oct 2016,260
09:01 AM - 29 Oct 2016,10:01 AM - 29 Oct 2016,207
10:01 AM - 29 Oct 2016,11:01 AM - 29 Oct 2016,249
11:01 AM - 29 Oct 2016,12:01 PM - 29 Oct 2016,247
12:01 PM - 29 Oct 2016,01:01 PM - 29 Oct 2016,272
01:01 PM - 29 Oct 2016,02:01 PM - 29 Oct 2016,430
02:01 PM - 29 Oct 2016,03:01 PM - 29 Oct 2016,530
03:01 PM - 29 Oct 2016,04:01 PM - 29 Oct 2016,1187
04:01 PM - 29 Oct 2016,05:01 PM - 29 Oct 2016,4808
