UserID1,UserID2,Time,Keyword,Key_Freq,source,source_freq
152186327.0,81861754.0,12:00 AM - 23 Feb 2016,#dubai,1,instagram,1
152186327.0,81861754.0,12:00 AM - 23 Feb 2016,#abudhabi,1,instagram,1
152186327.0,2856517828.0,12:00 AM - 23 Feb 2016,#abudhabi,1,instagram,1
152186327.0,431718684.0,12:00 AM - 23 Feb 2016,#abudhabi,1,instagram,1
152186327.0,220075111.0,12:00 AM - 23 Feb 2016,#abudhabi,1,instagram,1
152186327.0,233603393.0,12:00 AM - 23 Feb 2016,#abudhabi,1,instagram,1
152186327.0,1338389648.0,12:00 AM - 23 Feb 2016,#abudhabi,1,instagram,1
152186327.0,19019803.0,12:00 AM - 23 Feb 2016,#abudhabi,1,instagram,1
3924741861.0,380885546.0,12:00 AM - 23 Feb 2016,Dhabi,1,instagram,2
3924741861.0,847597489.0,12:00 AM - 23 Feb 2016,Dhabi,1,instagram,2
3924741861.0,3924741861.0,12:00 AM - 23 Feb 2016,Dhabi,1,instagram,2
3924741861.0,3924741861.0,12:00 AM - 23 Feb 2016,Centre,1,instagram,2
3924741861.0,3924741861.0,12:00 AM - 23 Feb 2016,Trade,1,instagram,2
3924741861.0,3924741861.0,12:00 AM - 23 Feb 2016,MALL,1,instagram,2
3924741861.0,3924741861.0,12:00 AM - 23 Feb 2016,WTC,1,instagram,2
3924741861.0,3924741861.0,12:00 AM - 23 Feb 2016,World,1,instagram,2
3924741861.0,4809045142.0,12:00 AM - 23 Feb 2016,Dhabi,1,instagram,2
3924741861.0,48086249.0,12:00 AM - 23 Feb 2016,Dhabi,1,instagram,2
3924741861.0,705837259.0,12:00 AM - 23 Feb 2016,Dhabi,1,instagram,2
3924741861.0,15438696.0,12:00 AM - 23 Feb 2016,Dhabi,1,instagram,2
3924741861.0,523020082.0,12:00 AM - 23 Feb 2016,Dhabi,1,instagram,2
3924741861.0,3336921679.0,12:00 AM - 23 Feb 2016,Dhabi,1,instagram,2
3924741861.0,312398924.0,12:00 AM - 23 Feb 2016,Dhabi,1,instagram,2
3924741861.0,597363395.0,12:00 AM - 23 Feb 2016,Dhabi,1,instagram,2
3924741861.0,391557895.0,12:00 AM - 23 Feb 2016,Dhabi,1,instagram,2
3924741861.0,488978008.0,12:00 AM - 23 Feb 2016,Dhabi,1,instagram,2
3924741861.0,150618111.0,12:00 AM - 23 Feb 2016,Dhabi,1,instagram,2
3924741861.0,286892710.0,12:00 AM - 23 Feb 2016,Dhabi,1,instagram,2
3924741861.0,312398924.0,12:00 AM - 23 Feb 2016,Dhabi,1,instagram,2
3924741861.0,249777926.0,12:00 AM - 23 Feb 2016,Dhabi,1,instagram,2
3924741861.0,249777926.0,12:00 AM - 23 Feb 2016,Dhabi,1,instagram,2
3924741861.0,2453656771.0,12:00 AM - 23 Feb 2016,Dhabi,1,instagram,2
3924741861.0,21033096.0,12:00 AM - 23 Feb 2016,Dhabi,1,instagram,2
3924741861.0,300429074.0,12:00 AM - 23 Feb 2016,Dhabi,1,instagram,2
3924741861.0,391282188.0,12:00 AM - 23 Feb 2016,World,1,instagram,2
3924741861.0,391282188.0,12:00 AM - 23 Feb 2016,Dhabi,1,instagram,2
3924741861.0,391282188.0,12:00 AM - 23 Feb 2016,Trade,1,instagram,2
3924741861.0,4044833592.0,12:00 AM - 23 Feb 2016,Dhabi,1,instagram,2
3924741861.0,4044833592.0,12:00 AM - 23 Feb 2016,Dhabi,1,instagram,2
3924741861.0,81861754.0,12:00 AM - 23 Feb 2016,#uae,1,instagram,2
3924741861.0,248626141.0,12:00 AM - 23 Feb 2016,Dhabi,1,instagram,2
3924741861.0,220075111.0,12:00 AM - 23 Feb 2016,Dhabi,1,instagram,2
3924741861.0,277115591.0,12:00 AM - 23 Feb 2016,Dhabi,1,instagram,2
3924741861.0,1867738674.0,12:00 AM - 23 Feb 2016,Dhabi,1,instagram,2
3924741861.0,1531774699.0,12:00 AM - 23 Feb 2016,Dhabi,1,instagram,2
3924741861.0,454829072.0,12:00 AM - 23 Feb 2016,Dhabi,1,instagram,2
3924741861.0,1338389648.0,12:00 AM - 23 Feb 2016,Dhabi,1,instagram,2
3924741861.0,1338389648.0,12:00 AM - 23 Feb 2016,#uae,1,instagram,2
3924741861.0,1127752910.0,12:00 AM - 23 Feb 2016,#uae,1,instagram,2
3924741861.0,2453656771.0,12:00 AM - 23 Feb 2016,Dhabi,1,instagram,2
3924741861.0,19019803.0,12:00 AM - 23 Feb 2016,#rain,1,instagram,2
3924741861.0,19019803.0,12:00 AM - 23 Feb 2016,#uae,1,instagram,2
398345302.0,380885546.0,12:00 AM - 23 Feb 2016,good,1,0,0
398345302.0,3197562830.0,12:00 AM - 23 Feb 2016,sleep,1,0,0
398345302.0,220075111.0,12:00 AM - 23 Feb 2016,#AbuDhabi,1,0,0
398345302.0,118763512.0,12:00 AM - 23 Feb 2016,morning,1,0,0
398345302.0,312398924.0,12:00 AM - 23 Feb 2016,#AbuDhabi,1,0,0
380885546.0,847597489.0,12:00 AM - 23 Feb 2016,Dhabi,1,instagram,1
380885546.0,3924741861.0,12:00 AM - 23 Feb 2016,Dhabi,1,instagram,1
380885546.0,4809045142.0,12:00 AM - 23 Feb 2016,United,1,instagram,1
380885546.0,4809045142.0,12:00 AM - 23 Feb 2016,Arab,1,instagram,1
380885546.0,4809045142.0,12:00 AM - 23 Feb 2016,Dhabi,1,instagram,1
380885546.0,48086249.0,12:00 AM - 23 Feb 2016,Dhabi,1,instagram,1
380885546.0,705837259.0,12:00 AM - 23 Feb 2016,Dhabi,1,instagram,1
380885546.0,15438696.0,12:00 AM - 23 Feb 2016,Dhabi,1,instagram,1
380885546.0,523020082.0,12:00 AM - 23 Feb 2016,United,1,instagram,1
380885546.0,523020082.0,12:00 AM - 23 Feb 2016,Arab,1,instagram,1
380885546.0,523020082.0,12:00 AM - 23 Feb 2016,Dhabi,1,instagram,1
380885546.0,3336921679.0,12:00 AM - 23 Feb 2016,United,1,instagram,1
380885546.0,3336921679.0,12:00 AM - 23 Feb 2016,Arab,1,instagram,1
380885546.0,3336921679.0,12:00 AM - 23 Feb 2016,Dhabi,1,instagram,1
380885546.0,312398924.0,12:00 AM - 23 Feb 2016,Dhabi,1,instagram,1
380885546.0,597363395.0,12:00 AM - 23 Feb 2016,Dhabi,1,instagram,1
380885546.0,391557895.0,12:00 AM - 23 Feb 2016,United,1,instagram,1
380885546.0,391557895.0,12:00 AM - 23 Feb 2016,Arab,1,instagram,1
380885546.0,391557895.0,12:00 AM - 23 Feb 2016,Dhabi,1,instagram,1
380885546.0,488978008.0,12:00 AM - 23 Feb 2016,Dhabi,1,instagram,1
380885546.0,150618111.0,12:00 AM - 23 Feb 2016,Dhabi,1,instagram,1
380885546.0,286892710.0,12:00 AM - 23 Feb 2016,Dhabi,1,instagram,1
380885546.0,312398924.0,12:00 AM - 23 Feb 2016,Dhabi,1,instagram,1
380885546.0,249777926.0,12:00 AM - 23 Feb 2016,Dhabi,1,instagram,1
380885546.0,249777926.0,12:00 AM - 23 Feb 2016,Dhabi,1,instagram,1
380885546.0,2453656771.0,12:00 AM - 23 Feb 2016,Dhabi,1,instagram,1
380885546.0,21033096.0,12:00 AM - 23 Feb 2016,Dhabi,1,instagram,1
380885546.0,300429074.0,12:00 AM - 23 Feb 2016,Dhabi,1,instagram,1
380885546.0,391282188.0,12:00 AM - 23 Feb 2016,Dhabi,1,instagram,1
380885546.0,4044833592.0,12:00 AM - 23 Feb 2016,Dhabi,1,instagram,1
380885546.0,4044833592.0,12:00 AM - 23 Feb 2016,Dhabi,1,instagram,1
380885546.0,248626141.0,12:00 AM - 23 Feb 2016,Dhabi,1,instagram,1
380885546.0,220075111.0,12:00 AM - 23 Feb 2016,Dhabi,1,instagram,1
380885546.0,277115591.0,12:00 AM - 23 Feb 2016,United,1,instagram,1
380885546.0,277115591.0,12:00 AM - 23 Feb 2016,Arab,1,instagram,1
380885546.0,277115591.0,12:00 AM - 23 Feb 2016,Dhabi,1,instagram,1
380885546.0,1867738674.0,12:00 AM - 23 Feb 2016,United,1,instagram,1
380885546.0,1867738674.0,12:00 AM - 23 Feb 2016,Dhabi,1,instagram,1
380885546.0,1531774699.0,12:00 AM - 23 Feb 2016,Dhabi,1,instagram,1
380885546.0,454829072.0,12:00 AM - 23 Feb 2016,Dhabi,1,instagram,1
380885546.0,1338389648.0,12:00 AM - 23 Feb 2016,Dhabi,1,instagram,1
380885546.0,2453656771.0,12:00 AM - 23 Feb 2016,Dhabi,1,instagram,1
847597489.0,3924741861.0,12:00 AM - 23 Feb 2016,Dhabi,1,0,0
847597489.0,4809045142.0,12:00 AM - 23 Feb 2016,Dhabi,1,0,0
847597489.0,48086249.0,12:00 AM - 23 Feb 2016,Dhabi,1,0,0
847597489.0,705837259.0,12:00 AM - 23 Feb 2016,Dhabi,1,0,0
847597489.0,15438696.0,12:00 AM - 23 Feb 2016,Dhabi,1,0,0
847597489.0,523020082.0,12:00 AM - 23 Feb 2016,Dhabi,1,0,0
847597489.0,3336921679.0,12:00 AM - 23 Feb 2016,Dhabi,1,0,0
847597489.0,312398924.0,12:00 AM - 23 Feb 2016,Dhabi,1,0,0
847597489.0,597363395.0,12:00 AM - 23 Feb 2016,Dhabi,1,0,0
847597489.0,391557895.0,12:00 AM - 23 Feb 2016,Dhabi,1,0,0
847597489.0,488978008.0,12:00 AM - 23 Feb 2016,Dhabi,1,0,0
847597489.0,150618111.0,12:00 AM - 23 Feb 2016,Dhabi,1,0,0
847597489.0,286892710.0,12:00 AM - 23 Feb 2016,Dhabi,1,0,0
847597489.0,312398924.0,12:00 AM - 23 Feb 2016,Dhabi,1,0,0
847597489.0,249777926.0,12:00 AM - 23 Feb 2016,Dhabi,1,0,0
847597489.0,249777926.0,12:00 AM - 23 Feb 2016,Dhabi,1,0,0
847597489.0,2453656771.0,12:00 AM - 23 Feb 2016,Dhabi,1,0,0
847597489.0,21033096.0,12:00 AM - 23 Feb 2016,Dhabi,1,0,0
847597489.0,300429074.0,12:00 AM - 23 Feb 2016,Dhabi,1,0,0
847597489.0,391282188.0,12:00 AM - 23 Feb 2016,Dhabi,1,0,0
847597489.0,4044833592.0,12:00 AM - 23 Feb 2016,Dhabi,1,0,0
847597489.0,4044833592.0,12:00 AM - 23 Feb 2016,Dhabi,1,0,0
847597489.0,248626141.0,12:00 AM - 23 Feb 2016,Dhabi,1,0,0
847597489.0,220075111.0,12:00 AM - 23 Feb 2016,Dhabi,1,0,0
847597489.0,277115591.0,12:00 AM - 23 Feb 2016,Dhabi,1,0,0
847597489.0,1867738674.0,12:00 AM - 23 Feb 2016,Dhabi,1,0,0
847597489.0,1531774699.0,12:00 AM - 23 Feb 2016,Dhabi,1,0,0
847597489.0,454829072.0,12:00 AM - 23 Feb 2016,Dhabi,1,0,0
847597489.0,1338389648.0,12:00 AM - 23 Feb 2016,Dhabi,1,0,0
847597489.0,2453656771.0,12:00 AM - 23 Feb 2016,Dhabi,1,0,0
3924741861.0,4809045142.0,12:00 AM - 23 Feb 2016,Dhabi,2,instagram,2
3924741861.0,48086249.0,12:00 AM - 23 Feb 2016,Dhabi,2,instagram,2
3924741861.0,705837259.0,12:00 AM - 23 Feb 2016,Dhabi,2,instagram,2
3924741861.0,15438696.0,12:00 AM - 23 Feb 2016,Dhabi,2,instagram,2
3924741861.0,523020082.0,12:00 AM - 23 Feb 2016,Dhabi,2,instagram,2
3924741861.0,3336921679.0,12:00 AM - 23 Feb 2016,Dhabi,2,instagram,2
3924741861.0,312398924.0,12:00 AM - 23 Feb 2016,Dhabi,2,instagram,2
3924741861.0,597363395.0,12:00 AM - 23 Feb 2016,Dhabi,2,instagram,2
3924741861.0,391557895.0,12:00 AM - 23 Feb 2016,Dhabi,2,instagram,2
3924741861.0,488978008.0,12:00 AM - 23 Feb 2016,Dhabi,2,instagram,2
3924741861.0,150618111.0,12:00 AM - 23 Feb 2016,Dhabi,2,instagram,2
3924741861.0,286892710.0,12:00 AM - 23 Feb 2016,Dhabi,2,instagram,2
3924741861.0,312398924.0,12:00 AM - 23 Feb 2016,Dhabi,2,instagram,2
3924741861.0,249777926.0,12:00 AM - 23 Feb 2016,Dhabi,2,instagram,2
3924741861.0,249777926.0,12:00 AM - 23 Feb 2016,Dhabi,2,instagram,2
3924741861.0,2453656771.0,12:00 AM - 23 Feb 2016,Dhabi,2,instagram,2
3924741861.0,21033096.0,12:00 AM - 23 Feb 2016,Dhabi,2,instagram,2
3924741861.0,300429074.0,12:00 AM - 23 Feb 2016,Dhabi,2,instagram,2
3924741861.0,391282188.0,12:00 AM - 23 Feb 2016,World,1,instagram,2
3924741861.0,391282188.0,12:00 AM - 23 Feb 2016,Dhabi,2,instagram,2
3924741861.0,391282188.0,12:00 AM - 23 Feb 2016,Trade,1,instagram,2
3924741861.0,4044833592.0,12:00 AM - 23 Feb 2016,Dhabi,2,instagram,2
3924741861.0,4044833592.0,12:00 AM - 23 Feb 2016,Dhabi,2,instagram,2
3924741861.0,248626141.0,12:00 AM - 23 Feb 2016,Dhabi,2,instagram,2
3924741861.0,220075111.0,12:00 AM - 23 Feb 2016,Dhabi,2,instagram,2
3924741861.0,277115591.0,12:00 AM - 23 Feb 2016,Dhabi,2,instagram,2
3924741861.0,1867738674.0,12:00 AM - 23 Feb 2016,Dhabi,2,instagram,2
3924741861.0,1531774699.0,12:00 AM - 23 Feb 2016,Dhabi,2,instagram,2
3924741861.0,454829072.0,12:00 AM - 23 Feb 2016,Dhabi,2,instagram,2
3924741861.0,1338389648.0,12:00 AM - 23 Feb 2016,Dhabi,2,instagram,2
3924741861.0,2453656771.0,12:00 AM - 23 Feb 2016,Dhabi,2,instagram,2
202150622.0,54348099.0,12:00 AM - 23 Feb 2016,there,1,instagram,1
4809045142.0,48086249.0,12:00 AM - 23 Feb 2016,Dhabi,1,instagram,1
4809045142.0,705837259.0,12:00 AM - 23 Feb 2016,Dhabi,1,instagram,1
4809045142.0,15438696.0,12:00 AM - 23 Feb 2016,Dhabi,1,instagram,1
4809045142.0,523020082.0,12:00 AM - 23 Feb 2016,United,1,instagram,1
4809045142.0,523020082.0,12:00 AM - 23 Feb 2016,Arab,1,instagram,1
4809045142.0,523020082.0,12:00 AM - 23 Feb 2016,Dhabi,1,instagram,1
4809045142.0,523020082.0,12:00 AM - 23 Feb 2016,Emirates,1,instagram,1
4809045142.0,3336921679.0,12:00 AM - 23 Feb 2016,United,1,instagram,1
4809045142.0,3336921679.0,12:00 AM - 23 Feb 2016,Arab,1,instagram,1
4809045142.0,3336921679.0,12:00 AM - 23 Feb 2016,Dhabi,1,instagram,1
4809045142.0,3336921679.0,12:00 AM - 23 Feb 2016,Emirates,1,instagram,1
4809045142.0,312398924.0,12:00 AM - 23 Feb 2016,Dhabi,1,instagram,1
4809045142.0,597363395.0,12:00 AM - 23 Feb 2016,Dhabi,1,instagram,1
4809045142.0,391557895.0,12:00 AM - 23 Feb 2016,United,1,instagram,1
4809045142.0,391557895.0,12:00 AM - 23 Feb 2016,Arab,1,instagram,1
4809045142.0,391557895.0,12:00 AM - 23 Feb 2016,Dhabi,1,instagram,1
4809045142.0,391557895.0,12:00 AM - 23 Feb 2016,Emirates,1,instagram,1
4809045142.0,488978008.0,12:00 AM - 23 Feb 2016,Dhabi,1,instagram,1
4809045142.0,150618111.0,12:00 AM - 23 Feb 2016,Dhabi,1,instagram,1
4809045142.0,286892710.0,12:00 AM - 23 Feb 2016,Dhabi,1,instagram,1
4809045142.0,312398924.0,12:00 AM - 23 Feb 2016,Dhabi,1,instagram,1
4809045142.0,249777926.0,12:00 AM - 23 Feb 2016,Dhabi,1,instagram,1
4809045142.0,249777926.0,12:00 AM - 23 Feb 2016,Dhabi,1,instagram,1
4809045142.0,2453656771.0,12:00 AM - 23 Feb 2016,Dhabi,1,instagram,1
4809045142.0,21033096.0,12:00 AM - 23 Feb 2016,Dhabi,1,instagram,1
4809045142.0,300429074.0,12:00 AM - 23 Feb 2016,Dhabi,1,instagram,1
4809045142.0,391282188.0,12:00 AM - 23 Feb 2016,Dhabi,1,instagram,1
4809045142.0,4044833592.0,12:00 AM - 23 Feb 2016,Dhabi,1,instagram,1
4809045142.0,4044833592.0,12:00 AM - 23 Feb 2016,Dhabi,1,instagram,1
4809045142.0,248626141.0,12:00 AM - 23 Feb 2016,Dhabi,1,instagram,1
4809045142.0,2684296932.0,12:00 AM - 23 Feb 2016,Emirates,1,instagram,1
4809045142.0,220075111.0,12:00 AM - 23 Feb 2016,Dhabi,1,instagram,1
4809045142.0,277115591.0,12:00 AM - 23 Feb 2016,United,1,instagram,1
4809045142.0,277115591.0,12:00 AM - 23 Feb 2016,Arab,1,instagram,1
4809045142.0,277115591.0,12:00 AM - 23 Feb 2016,Dhabi,1,instagram,1
4809045142.0,1867738674.0,12:00 AM - 23 Feb 2016,United,1,instagram,1
4809045142.0,1867738674.0,12:00 AM - 23 Feb 2016,Dhabi,1,instagram,1
4809045142.0,1531774699.0,12:00 AM - 23 Feb 2016,Dhabi,1,instagram,1
4809045142.0,454829072.0,12:00 AM - 23 Feb 2016,Dhabi,1,instagram,1
4809045142.0,1338389648.0,12:00 AM - 23 Feb 2016,Dhabi,1,instagram,1
4809045142.0,2453656771.0,12:00 AM - 23 Feb 2016,Dhabi,1,instagram,1
971376415.0,3336921679.0,12:00 AM - 23 Feb 2016,photo,1,instagram,1
971376415.0,3336921679.0,12:00 AM - 23 Feb 2016,Just,1,instagram,1
971376415.0,3336921679.0,12:00 AM - 23 Feb 2016,posted,1,instagram,1
971376415.0,101428813.0,12:00 AM - 23 Feb 2016,photo,1,instagram,1
971376415.0,101428813.0,12:00 AM - 23 Feb 2016,Just,1,instagram,1
971376415.0,101428813.0,12:00 AM - 23 Feb 2016,posted,1,instagram,1
971376415.0,300429074.0,12:00 AM - 23 Feb 2016,photo,1,instagram,1
971376415.0,300429074.0,12:00 AM - 23 Feb 2016,Just,1,instagram,1
971376415.0,300429074.0,12:00 AM - 23 Feb 2016,posted,1,instagram,1
971376415.0,1565933497.0,12:00 AM - 23 Feb 2016,photo,1,instagram,1
971376415.0,1565933497.0,12:00 AM - 23 Feb 2016,Just,1,instagram,1
971376415.0,1565933497.0,12:00 AM - 23 Feb 2016,posted,1,instagram,1
971376415.0,220075111.0,12:00 AM - 23 Feb 2016,Just,1,instagram,1
971376415.0,347889518.0,12:00 AM - 23 Feb 2016,photo,1,instagram,1
48086249.0,705837259.0,12:00 AM - 23 Feb 2016,Dhabi,2,0,0
48086249.0,15438696.0,12:00 AM - 23 Feb 2016,International,1,0,0
48086249.0,15438696.0,12:00 AM - 23 Feb 2016,Airport,1,0,0
48086249.0,15438696.0,12:00 AM - 23 Feb 2016,Dhabi,2,0,0
48086249.0,15438696.0,12:00 AM - 23 Feb 2016,AUH,1,0,0
48086249.0,523020082.0,12:00 AM - 23 Feb 2016,Dhabi,2,0,0
48086249.0,3336921679.0,12:00 AM - 23 Feb 2016,Dhabi,2,0,0
48086249.0,312398924.0,12:00 AM - 23 Feb 2016,Dhabi,2,0,0
48086249.0,597363395.0,12:00 AM - 23 Feb 2016,Dhabi,2,0,0
48086249.0,391557895.0,12:00 AM - 23 Feb 2016,Dhabi,2,0,0
48086249.0,488978008.0,12:00 AM - 23 Feb 2016,Dhabi,2,0,0
48086249.0,150618111.0,12:00 AM - 23 Feb 2016,International,1,0,0
48086249.0,150618111.0,12:00 AM - 23 Feb 2016,Airport,1,0,0
48086249.0,150618111.0,12:00 AM - 23 Feb 2016,Dhabi,2,0,0
48086249.0,286892710.0,12:00 AM - 23 Feb 2016,Dhabi,2,0,0
48086249.0,312398924.0,12:00 AM - 23 Feb 2016,Dhabi,2,0,0
48086249.0,249777926.0,12:00 AM - 23 Feb 2016,Dhabi,2,0,0
48086249.0,249777926.0,12:00 AM - 23 Feb 2016,Dhabi,2,0,0
48086249.0,2453656771.0,12:00 AM - 23 Feb 2016,Dhabi,2,0,0
48086249.0,21033096.0,12:00 AM - 23 Feb 2016,Dhabi,2,0,0
48086249.0,300429074.0,12:00 AM - 23 Feb 2016,Dhabi,2,0,0
48086249.0,391282188.0,12:00 AM - 23 Feb 2016,Dhabi,2,0,0
48086249.0,4044833592.0,12:00 AM - 23 Feb 2016,Dhabi,2,0,0
48086249.0,4044833592.0,12:00 AM - 23 Feb 2016,Dhabi,2,0,0
48086249.0,248626141.0,12:00 AM - 23 Feb 2016,Dhabi,2,0,0
48086249.0,220075111.0,12:00 AM - 23 Feb 2016,International,1,0,0
48086249.0,220075111.0,12:00 AM - 23 Feb 2016,Airport,1,0,0
48086249.0,220075111.0,12:00 AM - 23 Feb 2016,Dhabi,2,0,0
48086249.0,277115591.0,12:00 AM - 23 Feb 2016,Dhabi,2,0,0
48086249.0,1867738674.0,12:00 AM - 23 Feb 2016,Dhabi,2,0,0
48086249.0,1531774699.0,12:00 AM - 23 Feb 2016,Dhabi,2,0,0
48086249.0,454829072.0,12:00 AM - 23 Feb 2016,Dhabi,2,0,0
48086249.0,1338389648.0,12:00 AM - 23 Feb 2016,Dhabi,2,0,0
48086249.0,2453656771.0,12:00 AM - 23 Feb 2016,Dhabi,2,0,0
233047263.0,21078125.0,12:00 AM - 23 Feb 2016,Dubai,1,instagram,1
233047263.0,249777926.0,12:00 AM - 23 Feb 2016,Khalifa,1,instagram,1
233047263.0,249777926.0,12:00 AM - 23 Feb 2016,Khalifa,1,instagram,1
233047263.0,38951171.0,12:00 AM - 23 Feb 2016,just,1,instagram,1
1572894900.0,1565933497.0,12:00 AM - 23 Feb 2016,Marina,1,instagram,1
1572894900.0,2856517828.0,12:00 AM - 23 Feb 2016,#entertainment,1,instagram,1
705837259.0,220075111.0,12:00 AM - 23 Feb 2016,Hotel,1,0,0
705837259.0,15438696.0,12:00 AM - 23 Feb 2016,Dhabi,1,0,0
705837259.0,523020082.0,12:00 AM - 23 Feb 2016,Dhabi,1,0,0
705837259.0,3336921679.0,12:00 AM - 23 Feb 2016,Dhabi,1,0,0
705837259.0,312398924.0,12:00 AM - 23 Feb 2016,Hotel,1,0,0
705837259.0,312398924.0,12:00 AM - 23 Feb 2016,Dhabi,1,0,0
705837259.0,597363395.0,12:00 AM - 23 Feb 2016,Dhabi,1,0,0
705837259.0,391557895.0,12:00 AM - 23 Feb 2016,Dhabi,1,0,0
705837259.0,488978008.0,12:00 AM - 23 Feb 2016,Dhabi,1,0,0
705837259.0,150618111.0,12:00 AM - 23 Feb 2016,Dhabi,1,0,0
705837259.0,286892710.0,12:00 AM - 23 Feb 2016,Dhabi,1,0,0
705837259.0,312398924.0,12:00 AM - 23 Feb 2016,Dhabi,1,0,0
705837259.0,249777926.0,12:00 AM - 23 Feb 2016,Dhabi,1,0,0
705837259.0,249777926.0,12:00 AM - 23 Feb 2016,Dhabi,1,0,0
705837259.0,2453656771.0,12:00 AM - 23 Feb 2016,Dhabi,1,0,0
705837259.0,21033096.0,12:00 AM - 23 Feb 2016,Dhabi,1,0,0
705837259.0,300429074.0,12:00 AM - 23 Feb 2016,Dhabi,1,0,0
705837259.0,391282188.0,12:00 AM - 23 Feb 2016,Dhabi,1,0,0
705837259.0,4044833592.0,12:00 AM - 23 Feb 2016,Dhabi,1,0,0
705837259.0,4044833592.0,12:00 AM - 23 Feb 2016,Dhabi,1,0,0
705837259.0,248626141.0,12:00 AM - 23 Feb 2016,Dhabi,1,0,0
705837259.0,220075111.0,12:00 AM - 23 Feb 2016,Dhabi,1,0,0
705837259.0,277115591.0,12:00 AM - 23 Feb 2016,Dhabi,1,0,0
705837259.0,1867738674.0,12:00 AM - 23 Feb 2016,Dhabi,1,0,0
705837259.0,1531774699.0,12:00 AM - 23 Feb 2016,Hotel,1,0,0
705837259.0,1531774699.0,12:00 AM - 23 Feb 2016,Dhabi,1,0,0
705837259.0,454829072.0,12:00 AM - 23 Feb 2016,Dhabi,1,0,0
705837259.0,1338389648.0,12:00 AM - 23 Feb 2016,Dhabi,1,0,0
705837259.0,2453656771.0,12:00 AM - 23 Feb 2016,Dhabi,1,0,0
3197562830.0,248606587.0,12:00 AM - 23 Feb 2016,Make,1,0,0
220075111.0,312398924.0,12:00 AM - 23 Feb 2016,Hotel,1,instagram,2
220075111.0,312398924.0,12:00 AM - 23 Feb 2016,#AbuDhabi,1,instagram,2
220075111.0,1531774699.0,12:00 AM - 23 Feb 2016,Hotel,1,instagram,2
51321454.0,50652724.0,12:00 AM - 23 Feb 2016,Thank,1,instagram,1
42858263.0,101428813.0,12:00 AM - 23 Feb 2016,Street,1,instagram,1
15438696.0,523020082.0,12:00 AM - 23 Feb 2016,Dhabi,2,swarmapp,1
15438696.0,3336921679.0,12:00 AM - 23 Feb 2016,Dhabi,2,swarmapp,1
15438696.0,312398924.0,12:00 AM - 23 Feb 2016,Dhabi,2,swarmapp,1
15438696.0,597363395.0,12:00 AM - 23 Feb 2016,Dhabi,2,swarmapp,1
15438696.0,391557895.0,12:00 AM - 23 Feb 2016,Dhabi,2,swarmapp,1
15438696.0,488978008.0,12:00 AM - 23 Feb 2016,Dhabi,2,swarmapp,1
15438696.0,150618111.0,12:00 AM - 23 Feb 2016,International,1,swarmapp,1
15438696.0,150618111.0,12:00 AM - 23 Feb 2016,Airport,1,swarmapp,1
15438696.0,150618111.0,12:00 AM - 23 Feb 2016,Dhabi,2,swarmapp,1
15438696.0,286892710.0,12:00 AM - 23 Feb 2016,Dhabi,2,swarmapp,1
15438696.0,312398924.0,12:00 AM - 23 Feb 2016,Dhabi,2,swarmapp,1
15438696.0,249777926.0,12:00 AM - 23 Feb 2016,Dhabi,2,swarmapp,1
15438696.0,249777926.0,12:00 AM - 23 Feb 2016,Dhabi,2,swarmapp,1
15438696.0,2453656771.0,12:00 AM - 23 Feb 2016,Dhabi,2,swarmapp,1
15438696.0,21033096.0,12:00 AM - 23 Feb 2016,Dhabi,2,swarmapp,1
15438696.0,300429074.0,12:00 AM - 23 Feb 2016,Dhabi,2,swarmapp,1
15438696.0,391282188.0,12:00 AM - 23 Feb 2016,Dhabi,2,swarmapp,1
15438696.0,4044833592.0,12:00 AM - 23 Feb 2016,Dhabi,2,swarmapp,1
15438696.0,4044833592.0,12:00 AM - 23 Feb 2016,Dhabi,2,swarmapp,1
15438696.0,248626141.0,12:00 AM - 23 Feb 2016,Dhabi,2,swarmapp,1
15438696.0,220075111.0,12:00 AM - 23 Feb 2016,International,1,swarmapp,1
15438696.0,220075111.0,12:00 AM - 23 Feb 2016,Airport,1,swarmapp,1
15438696.0,220075111.0,12:00 AM - 23 Feb 2016,Dhabi,2,swarmapp,1
15438696.0,277115591.0,12:00 AM - 23 Feb 2016,Dhabi,2,swarmapp,1
15438696.0,1867738674.0,12:00 AM - 23 Feb 2016,Dhabi,2,swarmapp,1
15438696.0,1531774699.0,12:00 AM - 23 Feb 2016,Dhabi,2,swarmapp,1
15438696.0,454829072.0,12:00 AM - 23 Feb 2016,Dhabi,2,swarmapp,1
15438696.0,1338389648.0,12:00 AM - 23 Feb 2016,Dhabi,2,swarmapp,1
15438696.0,2453656771.0,12:00 AM - 23 Feb 2016,Dhabi,2,swarmapp,1
590322512.0,2870687215.0,12:00 AM - 23 Feb 2016,time,1,instagram,1
590322512.0,54348099.0,12:00 AM - 23 Feb 2016,time,1,instagram,1
590322512.0,38951171.0,12:00 AM - 23 Feb 2016,time,1,instagram,1
84635316.0,18880159.0,12:00 AM - 23 Feb 2016,view,1,instagram,1
84635316.0,312398924.0,12:00 AM - 23 Feb 2016,Towers,1,instagram,1
84635316.0,1267822722.0,12:00 AM - 23 Feb 2016,with,1,instagram,1
84635316.0,190906174.0,12:00 AM - 23 Feb 2016,Cafe,1,instagram,1
84635316.0,190906174.0,12:00 AM - 23 Feb 2016,with,1,instagram,1
84635316.0,2856517828.0,12:00 AM - 23 Feb 2016,with,1,instagram,1
84635316.0,765079081.0,12:00 AM - 23 Feb 2016,with,1,instagram,1
84635316.0,129628680.0,12:00 AM - 23 Feb 2016,with,1,instagram,1
84635316.0,35626984.0,12:00 AM - 23 Feb 2016,with,1,instagram,1
523020082.0,3336921679.0,12:00 AM - 23 Feb 2016,United,1,instagram,1
523020082.0,3336921679.0,12:00 AM - 23 Feb 2016,Arab,1,instagram,1
523020082.0,3336921679.0,12:00 AM - 23 Feb 2016,Dhabi,1,instagram,1
523020082.0,3336921679.0,12:00 AM - 23 Feb 2016,Emirates,1,instagram,1
523020082.0,312398924.0,12:00 AM - 23 Feb 2016,Dhabi,1,instagram,1
523020082.0,597363395.0,12:00 AM - 23 Feb 2016,Dhabi,1,instagram,1
523020082.0,391557895.0,12:00 AM - 23 Feb 2016,United,1,instagram,1
523020082.0,391557895.0,12:00 AM - 23 Feb 2016,Arab,1,instagram,1
523020082.0,391557895.0,12:00 AM - 23 Feb 2016,Dhabi,1,instagram,1
523020082.0,391557895.0,12:00 AM - 23 Feb 2016,Emirates,1,instagram,1
523020082.0,488978008.0,12:00 AM - 23 Feb 2016,Dhabi,1,instagram,1
523020082.0,150618111.0,12:00 AM - 23 Feb 2016,Dhabi,1,instagram,1
523020082.0,286892710.0,12:00 AM - 23 Feb 2016,Dhabi,1,instagram,1
523020082.0,312398924.0,12:00 AM - 23 Feb 2016,Dhabi,1,instagram,1
523020082.0,249777926.0,12:00 AM - 23 Feb 2016,Dhabi,1,instagram,1
523020082.0,249777926.0,12:00 AM - 23 Feb 2016,Dhabi,1,instagram,1
523020082.0,2453656771.0,12:00 AM - 23 Feb 2016,Dhabi,1,instagram,1
523020082.0,21033096.0,12:00 AM - 23 Feb 2016,Dhabi,1,instagram,1
523020082.0,300429074.0,12:00 AM - 23 Feb 2016,Dhabi,1,instagram,1
523020082.0,391282188.0,12:00 AM - 23 Feb 2016,Dhabi,1,instagram,1
523020082.0,4044833592.0,12:00 AM - 23 Feb 2016,Dhabi,1,instagram,1
523020082.0,4044833592.0,12:00 AM - 23 Feb 2016,Dhabi,1,instagram,1
523020082.0,248626141.0,12:00 AM - 23 Feb 2016,Dhabi,1,instagram,1
523020082.0,2684296932.0,12:00 AM - 23 Feb 2016,Emirates,1,instagram,1
523020082.0,220075111.0,12:00 AM - 23 Feb 2016,Dhabi,1,instagram,1
523020082.0,277115591.0,12:00 AM - 23 Feb 2016,United,1,instagram,1
523020082.0,277115591.0,12:00 AM - 23 Feb 2016,Arab,1,instagram,1
523020082.0,277115591.0,12:00 AM - 23 Feb 2016,Dhabi,1,instagram,1
523020082.0,1867738674.0,12:00 AM - 23 Feb 2016,United,1,instagram,1
523020082.0,1867738674.0,12:00 AM - 23 Feb 2016,Dhabi,1,instagram,1
523020082.0,1531774699.0,12:00 AM - 23 Feb 2016,Dhabi,1,instagram,1
523020082.0,454829072.0,12:00 AM - 23 Feb 2016,Dhabi,1,instagram,1
523020082.0,1338389648.0,12:00 AM - 23 Feb 2016,Dhabi,1,instagram,1
523020082.0,2453656771.0,12:00 AM - 23 Feb 2016,Dhabi,1,instagram,1
18880159.0,286892710.0,12:00 AM - 23 Feb 2016,Abu,1,instagram,1
18880159.0,81861754.0,12:00 AM - 23 Feb 2016,#sunset,1,instagram,1
18880159.0,19019803.0,12:00 AM - 23 Feb 2016,#clouds,1,instagram,1
3336921679.0,312398924.0,12:00 AM - 23 Feb 2016,Dhabi,1,instagram,1
3336921679.0,597363395.0,12:00 AM - 23 Feb 2016,Dhabi,1,instagram,1
3336921679.0,391557895.0,12:00 AM - 23 Feb 2016,United,1,instagram,1
3336921679.0,391557895.0,12:00 AM - 23 Feb 2016,Arab,1,instagram,1
3336921679.0,391557895.0,12:00 AM - 23 Feb 2016,Dhabi,1,instagram,1
3336921679.0,391557895.0,12:00 AM - 23 Feb 2016,Emirates,1,instagram,1
3336921679.0,488978008.0,12:00 AM - 23 Feb 2016,Dhabi,1,instagram,1
3336921679.0,150618111.0,12:00 AM - 23 Feb 2016,Dhabi,1,instagram,1
3336921679.0,286892710.0,12:00 AM - 23 Feb 2016,Dhabi,1,instagram,1
3336921679.0,101428813.0,12:00 AM - 23 Feb 2016,photo,1,instagram,1
3336921679.0,101428813.0,12:00 AM - 23 Feb 2016,Just,1,instagram,1
3336921679.0,101428813.0,12:00 AM - 23 Feb 2016,posted,1,instagram,1
3336921679.0,312398924.0,12:00 AM - 23 Feb 2016,Dhabi,1,instagram,1
3336921679.0,249777926.0,12:00 AM - 23 Feb 2016,Dhabi,1,instagram,1
3336921679.0,249777926.0,12:00 AM - 23 Feb 2016,Dhabi,1,instagram,1
3336921679.0,2453656771.0,12:00 AM - 23 Feb 2016,Dhabi,1,instagram,1
3336921679.0,21033096.0,12:00 AM - 23 Feb 2016,Dhabi,1,instagram,1
3336921679.0,300429074.0,12:00 AM - 23 Feb 2016,photo,1,instagram,1
3336921679.0,300429074.0,12:00 AM - 23 Feb 2016,Dhabi,1,instagram,1
3336921679.0,300429074.0,12:00 AM - 23 Feb 2016,Just,1,instagram,1
3336921679.0,300429074.0,12:00 AM - 23 Feb 2016,posted,1,instagram,1
3336921679.0,391282188.0,12:00 AM - 23 Feb 2016,Dhabi,1,instagram,1
3336921679.0,4044833592.0,12:00 AM - 23 Feb 2016,Dhabi,1,instagram,1
3336921679.0,4044833592.0,12:00 AM - 23 Feb 2016,Dhabi,1,instagram,1
3336921679.0,1565933497.0,12:00 AM - 23 Feb 2016,photo,1,instagram,1
3336921679.0,1565933497.0,12:00 AM - 23 Feb 2016,Just,1,instagram,1
3336921679.0,1565933497.0,12:00 AM - 23 Feb 2016,posted,1,instagram,1
3336921679.0,248626141.0,12:00 AM - 23 Feb 2016,Dhabi,1,instagram,1
3336921679.0,2684296932.0,12:00 AM - 23 Feb 2016,Emirates,1,instagram,1
3336921679.0,220075111.0,12:00 AM - 23 Feb 2016,Dhabi,1,instagram,1
3336921679.0,220075111.0,12:00 AM - 23 Feb 2016,Just,1,instagram,1
3336921679.0,347889518.0,12:00 AM - 23 Feb 2016,photo,1,instagram,1
3336921679.0,277115591.0,12:00 AM - 23 Feb 2016,United,1,instagram,1
3336921679.0,277115591.0,12:00 AM - 23 Feb 2016,Arab,1,instagram,1
3336921679.0,277115591.0,12:00 AM - 23 Feb 2016,Dhabi,1,instagram,1
3336921679.0,1867738674.0,12:00 AM - 23 Feb 2016,United,1,instagram,1
3336921679.0,1867738674.0,12:00 AM - 23 Feb 2016,Dhabi,1,instagram,1
3336921679.0,1531774699.0,12:00 AM - 23 Feb 2016,Dhabi,1,instagram,1
3336921679.0,454829072.0,12:00 AM - 23 Feb 2016,Dhabi,1,instagram,1
3336921679.0,1338389648.0,12:00 AM - 23 Feb 2016,Dhabi,1,instagram,1
3336921679.0,2453656771.0,12:00 AM - 23 Feb 2016,Dhabi,1,instagram,1
312398924.0,597363395.0,12:00 AM - 23 Feb 2016,Dhabi,1,instagram,2
312398924.0,391557895.0,12:00 AM - 23 Feb 2016,Dhabi,1,instagram,2
312398924.0,488978008.0,12:00 AM - 23 Feb 2016,Dhabi,1,instagram,2
312398924.0,150618111.0,12:00 AM - 23 Feb 2016,Dhabi,1,instagram,2
312398924.0,286892710.0,12:00 AM - 23 Feb 2016,Dhabi,1,instagram,2
312398924.0,312398924.0,12:00 AM - 23 Feb 2016,Dhabi,1,instagram,2
312398924.0,249777926.0,12:00 AM - 23 Feb 2016,Dhabi,1,instagram,2
312398924.0,249777926.0,12:00 AM - 23 Feb 2016,Dhabi,1,instagram,2
312398924.0,2453656771.0,12:00 AM - 23 Feb 2016,Dhabi,1,instagram,2
312398924.0,21033096.0,12:00 AM - 23 Feb 2016,Dhabi,1,instagram,2
312398924.0,300429074.0,12:00 AM - 23 Feb 2016,Dhabi,1,instagram,2
312398924.0,391282188.0,12:00 AM - 23 Feb 2016,Dhabi,1,instagram,2
312398924.0,4044833592.0,12:00 AM - 23 Feb 2016,Dhabi,1,instagram,2
312398924.0,4044833592.0,12:00 AM - 23 Feb 2016,Dhabi,1,instagram,2
312398924.0,248626141.0,12:00 AM - 23 Feb 2016,Dhabi,1,instagram,2
312398924.0,220075111.0,12:00 AM - 23 Feb 2016,Dhabi,1,instagram,2
312398924.0,277115591.0,12:00 AM - 23 Feb 2016,Dhabi,1,instagram,2
312398924.0,1867738674.0,12:00 AM - 23 Feb 2016,Dhabi,1,instagram,2
312398924.0,1531774699.0,12:00 AM - 23 Feb 2016,Hotel,1,instagram,2
312398924.0,1531774699.0,12:00 AM - 23 Feb 2016,Dhabi,1,instagram,2
312398924.0,454829072.0,12:00 AM - 23 Feb 2016,Dhabi,1,instagram,2
312398924.0,1338389648.0,12:00 AM - 23 Feb 2016,Dhabi,1,instagram,2
312398924.0,2453656771.0,12:00 AM - 23 Feb 2016,Dhabi,1,instagram,2
312398924.0,129628680.0,12:00 AM - 23 Feb 2016,over,1,instagram,2
597363395.0,391557895.0,12:00 AM - 23 Feb 2016,Dhabi,2,0,0
597363395.0,488978008.0,12:00 AM - 23 Feb 2016,Dhabi,2,0,0
597363395.0,150618111.0,12:00 AM - 23 Feb 2016,Dhabi,2,0,0
597363395.0,286892710.0,12:00 AM - 23 Feb 2016,Dhabi,2,0,0
597363395.0,312398924.0,12:00 AM - 23 Feb 2016,Dhabi,2,0,0
597363395.0,249777926.0,12:00 AM - 23 Feb 2016,Dhabi,2,0,0
597363395.0,249777926.0,12:00 AM - 23 Feb 2016,Dhabi,2,0,0
597363395.0,2453656771.0,12:00 AM - 23 Feb 2016,Dhabi,2,0,0
597363395.0,21033096.0,12:00 AM - 23 Feb 2016,Dhabi,2,0,0
597363395.0,300429074.0,12:00 AM - 23 Feb 2016,Dhabi,2,0,0
597363395.0,391282188.0,12:00 AM - 23 Feb 2016,Dhabi,2,0,0
597363395.0,4044833592.0,12:00 AM - 23 Feb 2016,Dhabi,2,0,0
597363395.0,4044833592.0,12:00 AM - 23 Feb 2016,Dhabi,2,0,0
597363395.0,248626141.0,12:00 AM - 23 Feb 2016,Dhabi,2,0,0
597363395.0,220075111.0,12:00 AM - 23 Feb 2016,Dhabi,2,0,0
597363395.0,277115591.0,12:00 AM - 23 Feb 2016,Dhabi,2,0,0
597363395.0,1867738674.0,12:00 AM - 23 Feb 2016,Dhabi,2,0,0
597363395.0,1531774699.0,12:00 AM - 23 Feb 2016,Dhabi,2,0,0
597363395.0,454829072.0,12:00 AM - 23 Feb 2016,Dhabi,2,0,0
597363395.0,1338389648.0,12:00 AM - 23 Feb 2016,Dhabi,2,0,0
597363395.0,2453656771.0,12:00 AM - 23 Feb 2016,Dhabi,2,0,0
391557895.0,488978008.0,12:00 AM - 23 Feb 2016,Dhabi,1,instagram,1
391557895.0,150618111.0,12:00 AM - 23 Feb 2016,Dhabi,1,instagram,1
391557895.0,286892710.0,12:00 AM - 23 Feb 2016,Dhabi,1,instagram,1
391557895.0,312398924.0,12:00 AM - 23 Feb 2016,Dhabi,1,instagram,1
391557895.0,249777926.0,12:00 AM - 23 Feb 2016,Dhabi,1,instagram,1
391557895.0,249777926.0,12:00 AM - 23 Feb 2016,Dhabi,1,instagram,1
391557895.0,2453656771.0,12:00 AM - 23 Feb 2016,Dhabi,1,instagram,1
391557895.0,21033096.0,12:00 AM - 23 Feb 2016,Dhabi,1,instagram,1
391557895.0,300429074.0,12:00 AM - 23 Feb 2016,Dhabi,1,instagram,1
391557895.0,391282188.0,12:00 AM - 23 Feb 2016,Dhabi,1,instagram,1
391557895.0,4044833592.0,12:00 AM - 23 Feb 2016,Dhabi,1,instagram,1
391557895.0,4044833592.0,12:00 AM - 23 Feb 2016,Dhabi,1,instagram,1
391557895.0,248626141.0,12:00 AM - 23 Feb 2016,Dhabi,1,instagram,1
391557895.0,2684296932.0,12:00 AM - 23 Feb 2016,Emirates,1,instagram,1
391557895.0,220075111.0,12:00 AM - 23 Feb 2016,Dhabi,1,instagram,1
391557895.0,277115591.0,12:00 AM - 23 Feb 2016,United,1,instagram,1
391557895.0,277115591.0,12:00 AM - 23 Feb 2016,Arab,1,instagram,1
391557895.0,277115591.0,12:00 AM - 23 Feb 2016,Dhabi,1,instagram,1
391557895.0,1867738674.0,12:00 AM - 23 Feb 2016,United,1,instagram,1
391557895.0,1867738674.0,12:00 AM - 23 Feb 2016,Dhabi,1,instagram,1
391557895.0,1531774699.0,12:00 AM - 23 Feb 2016,Dhabi,1,instagram,1
391557895.0,454829072.0,12:00 AM - 23 Feb 2016,Dhabi,1,instagram,1
391557895.0,1338389648.0,12:00 AM - 23 Feb 2016,Dhabi,1,instagram,1
391557895.0,2453656771.0,12:00 AM - 23 Feb 2016,Dhabi,1,instagram,1
488978008.0,150618111.0,12:00 AM - 23 Feb 2016,Dhabi,1,instagram,1
488978008.0,286892710.0,12:00 AM - 23 Feb 2016,Dhabi,1,instagram,1
488978008.0,312398924.0,12:00 AM - 23 Feb 2016,Dhabi,1,instagram,1
488978008.0,249777926.0,12:00 AM - 23 Feb 2016,Dhabi,1,instagram,1
488978008.0,249777926.0,12:00 AM - 23 Feb 2016,Dhabi,1,instagram,1
488978008.0,2453656771.0,12:00 AM - 23 Feb 2016,Dhabi,1,instagram,1
488978008.0,21033096.0,12:00 AM - 23 Feb 2016,Dhabi,1,instagram,1
488978008.0,300429074.0,12:00 AM - 23 Feb 2016,Dhabi,1,instagram,1
488978008.0,391282188.0,12:00 AM - 23 Feb 2016,Dhabi,1,instagram,1
488978008.0,4044833592.0,12:00 AM - 23 Feb 2016,Dhabi,1,instagram,1
488978008.0,4044833592.0,12:00 AM - 23 Feb 2016,Dhabi,1,instagram,1
488978008.0,248626141.0,12:00 AM - 23 Feb 2016,Dhabi,1,instagram,1
488978008.0,220075111.0,12:00 AM - 23 Feb 2016,Dhabi,1,instagram,1
488978008.0,277115591.0,12:00 AM - 23 Feb 2016,Dhabi,1,instagram,1
488978008.0,1867738674.0,12:00 AM - 23 Feb 2016,Dhabi,1,instagram,1
488978008.0,1531774699.0,12:00 AM - 23 Feb 2016,Dhabi,1,instagram,1
488978008.0,454829072.0,12:00 AM - 23 Feb 2016,Dhabi,1,instagram,1
488978008.0,1338389648.0,12:00 AM - 23 Feb 2016,Dhabi,1,instagram,1
488978008.0,2453656771.0,12:00 AM - 23 Feb 2016,Dhabi,1,instagram,1
150618111.0,286892710.0,12:00 AM - 23 Feb 2016,Dhabi,1,instagram,1
150618111.0,312398924.0,12:00 AM - 23 Feb 2016,Dhabi,1,instagram,1
150618111.0,249777926.0,12:00 AM - 23 Feb 2016,Dhabi,1,instagram,1
150618111.0,249777926.0,12:00 AM - 23 Feb 2016,Dhabi,1,instagram,1
150618111.0,2453656771.0,12:00 AM - 23 Feb 2016,Dhabi,1,instagram,1
150618111.0,21033096.0,12:00 AM - 23 Feb 2016,Dhabi,1,instagram,1
150618111.0,300429074.0,12:00 AM - 23 Feb 2016,Dhabi,1,instagram,1
150618111.0,391282188.0,12:00 AM - 23 Feb 2016,Dhabi,1,instagram,1
150618111.0,4044833592.0,12:00 AM - 23 Feb 2016,Dhabi,1,instagram,1
150618111.0,4044833592.0,12:00 AM - 23 Feb 2016,Dhabi,1,instagram,1
150618111.0,248626141.0,12:00 AM - 23 Feb 2016,Dhabi,1,instagram,1
150618111.0,220075111.0,12:00 AM - 23 Feb 2016,International,1,instagram,1
150618111.0,220075111.0,12:00 AM - 23 Feb 2016,Airport,1,instagram,1
150618111.0,220075111.0,12:00 AM - 23 Feb 2016,Dhabi,1,instagram,1
150618111.0,277115591.0,12:00 AM - 23 Feb 2016,Dhabi,1,instagram,1
150618111.0,1867738674.0,12:00 AM - 23 Feb 2016,Dhabi,1,instagram,1
150618111.0,1531774699.0,12:00 AM - 23 Feb 2016,Dhabi,1,instagram,1
150618111.0,454829072.0,12:00 AM - 23 Feb 2016,Dhabi,1,instagram,1
150618111.0,1338389648.0,12:00 AM - 23 Feb 2016,Dhabi,1,instagram,1
150618111.0,2453656771.0,12:00 AM - 23 Feb 2016,Dhabi,1,instagram,1
286892710.0,629965451.0,12:00 AM - 23 Feb 2016,this,1,instagram,2
286892710.0,312398924.0,12:00 AM - 23 Feb 2016,this,1,instagram,2
286892710.0,347889518.0,12:00 AM - 23 Feb 2016,this,1,instagram,2
286892710.0,19019803.0,12:00 AM - 23 Feb 2016,this,1,instagram,2
118763512.0,765079081.0,12:00 AM - 23 Feb 2016,home,1,instagram,1
118763512.0,293710779.0,12:00 AM - 23 Feb 2016,when,1,instagram,1
118763512.0,24691627.0,12:00 AM - 23 Feb 2016,have,1,instagram,1
286892710.0,312398924.0,12:00 AM - 23 Feb 2016,Dhabi,1,instagram,2
286892710.0,249777926.0,12:00 AM - 23 Feb 2016,Dhabi,1,instagram,2
286892710.0,249777926.0,12:00 AM - 23 Feb 2016,Dhabi,1,instagram,2
286892710.0,2453656771.0,12:00 AM - 23 Feb 2016,Dhabi,1,instagram,2
286892710.0,21033096.0,12:00 AM - 23 Feb 2016,Dhabi,1,instagram,2
286892710.0,300429074.0,12:00 AM - 23 Feb 2016,Dhabi,1,instagram,2
286892710.0,391282188.0,12:00 AM - 23 Feb 2016,Dhabi,1,instagram,2
286892710.0,4044833592.0,12:00 AM - 23 Feb 2016,Dhabi,1,instagram,2
286892710.0,4044833592.0,12:00 AM - 23 Feb 2016,Dhabi,1,instagram,2
286892710.0,248626141.0,12:00 AM - 23 Feb 2016,Dhabi,1,instagram,2
286892710.0,220075111.0,12:00 AM - 23 Feb 2016,Dhabi,1,instagram,2
286892710.0,277115591.0,12:00 AM - 23 Feb 2016,Dhabi,1,instagram,2
286892710.0,1867738674.0,12:00 AM - 23 Feb 2016,Dhabi,1,instagram,2
286892710.0,1531774699.0,12:00 AM - 23 Feb 2016,Dhabi,1,instagram,2
286892710.0,2856517828.0,12:00 AM - 23 Feb 2016,Lets,1,instagram,2
286892710.0,454829072.0,12:00 AM - 23 Feb 2016,Dhabi,1,instagram,2
286892710.0,1338389648.0,12:00 AM - 23 Feb 2016,Dhabi,1,instagram,2
286892710.0,556895929.0,12:00 AM - 23 Feb 2016,Lets,1,instagram,2
286892710.0,2453656771.0,12:00 AM - 23 Feb 2016,Dhabi,1,instagram,2
101428813.0,300429074.0,12:00 AM - 23 Feb 2016,photo,1,instagram,1
101428813.0,300429074.0,12:00 AM - 23 Feb 2016,Just,1,instagram,1
101428813.0,300429074.0,12:00 AM - 23 Feb 2016,posted,1,instagram,1
101428813.0,391282188.0,12:00 AM - 23 Feb 2016,Center,1,instagram,1
101428813.0,1565933497.0,12:00 AM - 23 Feb 2016,photo,1,instagram,1
101428813.0,1565933497.0,12:00 AM - 23 Feb 2016,Just,1,instagram,1
101428813.0,1565933497.0,12:00 AM - 23 Feb 2016,posted,1,instagram,1
101428813.0,220075111.0,12:00 AM - 23 Feb 2016,Just,1,instagram,1
101428813.0,347889518.0,12:00 AM - 23 Feb 2016,photo,1,instagram,1
629965451.0,312398924.0,12:00 AM - 23 Feb 2016,this,1,instagram,1
629965451.0,347889518.0,12:00 AM - 23 Feb 2016,this,1,instagram,1
629965451.0,19019803.0,12:00 AM - 23 Feb 2016,this,1,instagram,1
629965451.0,2380974648.0,12:00 AM - 23 Feb 2016,sketch,1,instagram,1
50652724.0,2870687215.0,12:00 AM - 23 Feb 2016,great,1,instagram,1
312398924.0,249777926.0,12:00 AM - 23 Feb 2016,Dhabi,1,instagram,2
312398924.0,249777926.0,12:00 AM - 23 Feb 2016,Dhabi,1,instagram,2
312398924.0,2453656771.0,12:00 AM - 23 Feb 2016,Dhabi,1,instagram,2
312398924.0,21033096.0,12:00 AM - 23 Feb 2016,Dhabi,1,instagram,2
312398924.0,300429074.0,12:00 AM - 23 Feb 2016,Dhabi,1,instagram,2
312398924.0,391282188.0,12:00 AM - 23 Feb 2016,Dhabi,1,instagram,2
312398924.0,4044833592.0,12:00 AM - 23 Feb 2016,Dhabi,1,instagram,2
312398924.0,4044833592.0,12:00 AM - 23 Feb 2016,Dhabi,1,instagram,2
312398924.0,248626141.0,12:00 AM - 23 Feb 2016,Dhabi,1,instagram,2
312398924.0,220075111.0,12:00 AM - 23 Feb 2016,Dhabi,1,instagram,2
312398924.0,347889518.0,12:00 AM - 23 Feb 2016,this,1,instagram,2
312398924.0,277115591.0,12:00 AM - 23 Feb 2016,Dhabi,1,instagram,2
312398924.0,1867738674.0,12:00 AM - 23 Feb 2016,Dhabi,1,instagram,2
312398924.0,1531774699.0,12:00 AM - 23 Feb 2016,Dhabi,1,instagram,2
312398924.0,454829072.0,12:00 AM - 23 Feb 2016,Dhabi,1,instagram,2
312398924.0,1338389648.0,12:00 AM - 23 Feb 2016,Dhabi,1,instagram,2
312398924.0,2453656771.0,12:00 AM - 23 Feb 2016,Dhabi,1,instagram,2
312398924.0,19019803.0,12:00 AM - 23 Feb 2016,this,1,instagram,2
2870687215.0,229883964.0,12:00 AM - 23 Feb 2016,your,1,instagram,2
468828312.0,48045893.0,12:00 AM - 23 Feb 2016,today,1,instagram,1
249777926.0,249777926.0,12:00 AM - 23 Feb 2016,City,1,instagram,2
249777926.0,249777926.0,12:00 AM - 23 Feb 2016,Dhabi,1,instagram,2
249777926.0,249777926.0,12:00 AM - 23 Feb 2016,Khalifa,1,instagram,2
249777926.0,2453656771.0,12:00 AM - 23 Feb 2016,Dhabi,1,instagram,2
249777926.0,21033096.0,12:00 AM - 23 Feb 2016,Dhabi,1,instagram,2
249777926.0,300429074.0,12:00 AM - 23 Feb 2016,City,1,instagram,2
249777926.0,300429074.0,12:00 AM - 23 Feb 2016,Dhabi,1,instagram,2
249777926.0,391282188.0,12:00 AM - 23 Feb 2016,Dhabi,1,instagram,2
249777926.0,4044833592.0,12:00 AM - 23 Feb 2016,Dhabi,1,instagram,2
249777926.0,4044833592.0,12:00 AM - 23 Feb 2016,Dhabi,1,instagram,2
249777926.0,248626141.0,12:00 AM - 23 Feb 2016,Dhabi,1,instagram,2
249777926.0,220075111.0,12:00 AM - 23 Feb 2016,Dhabi,1,instagram,2
249777926.0,277115591.0,12:00 AM - 23 Feb 2016,Dhabi,1,instagram,2
249777926.0,1867738674.0,12:00 AM - 23 Feb 2016,Dhabi,1,instagram,2
249777926.0,1531774699.0,12:00 AM - 23 Feb 2016,Dhabi,1,instagram,2
249777926.0,454829072.0,12:00 AM - 23 Feb 2016,Dhabi,1,instagram,2
249777926.0,1338389648.0,12:00 AM - 23 Feb 2016,City,1,instagram,2
249777926.0,1338389648.0,12:00 AM - 23 Feb 2016,Dhabi,1,instagram,2
249777926.0,2453656771.0,12:00 AM - 23 Feb 2016,Dhabi,1,instagram,2
249777926.0,293670056.0,12:00 AM - 23 Feb 2016,City,1,instagram,2
2870687215.0,54348099.0,12:00 AM - 23 Feb 2016,time,1,instagram,2
2870687215.0,38951171.0,12:00 AM - 23 Feb 2016,time,1,instagram,2
2870687215.0,2380974648.0,12:00 AM - 23 Feb 2016,weekend,1,instagram,2
249777926.0,2453656771.0,12:00 AM - 23 Feb 2016,Dhabi,1,instagram,2
249777926.0,21033096.0,12:00 AM - 23 Feb 2016,Dhabi,1,instagram,2
249777926.0,300429074.0,12:00 AM - 23 Feb 2016,City,1,instagram,2
249777926.0,300429074.0,12:00 AM - 23 Feb 2016,Dhabi,1,instagram,2
249777926.0,391282188.0,12:00 AM - 23 Feb 2016,Dhabi,1,instagram,2
249777926.0,4044833592.0,12:00 AM - 23 Feb 2016,Dhabi,1,instagram,2
249777926.0,4044833592.0,12:00 AM - 23 Feb 2016,Dhabi,1,instagram,2
249777926.0,248626141.0,12:00 AM - 23 Feb 2016,Dhabi,1,instagram,2
249777926.0,220075111.0,12:00 AM - 23 Feb 2016,Dhabi,1,instagram,2
249777926.0,277115591.0,12:00 AM - 23 Feb 2016,Dhabi,1,instagram,2
249777926.0,1867738674.0,12:00 AM - 23 Feb 2016,Dhabi,1,instagram,2
249777926.0,1531774699.0,12:00 AM - 23 Feb 2016,Dhabi,1,instagram,2
249777926.0,454829072.0,12:00 AM - 23 Feb 2016,Dhabi,1,instagram,2
249777926.0,1338389648.0,12:00 AM - 23 Feb 2016,City,1,instagram,2
249777926.0,1338389648.0,12:00 AM - 23 Feb 2016,Dhabi,1,instagram,2
249777926.0,2453656771.0,12:00 AM - 23 Feb 2016,Dhabi,1,instagram,2
249777926.0,293670056.0,12:00 AM - 23 Feb 2016,City,1,instagram,2
2453656771.0,21033096.0,12:00 AM - 23 Feb 2016,Dhabi,1,0,0
2453656771.0,300429074.0,12:00 AM - 23 Feb 2016,Dhabi,1,0,0
2453656771.0,391282188.0,12:00 AM - 23 Feb 2016,Dhabi,1,0,0
2453656771.0,4044833592.0,12:00 AM - 23 Feb 2016,Dhabi,1,0,0
2453656771.0,4044833592.0,12:00 AM - 23 Feb 2016,Dhabi,1,0,0
2453656771.0,248626141.0,12:00 AM - 23 Feb 2016,Dhabi,1,0,0
2453656771.0,220075111.0,12:00 AM - 23 Feb 2016,Dhabi,1,0,0
2453656771.0,277115591.0,12:00 AM - 23 Feb 2016,Dhabi,1,0,0
2453656771.0,1867738674.0,12:00 AM - 23 Feb 2016,Dhabi,1,0,0
2453656771.0,1531774699.0,12:00 AM - 23 Feb 2016,Dhabi,1,0,0
2453656771.0,454829072.0,12:00 AM - 23 Feb 2016,Dhabi,1,0,0
2453656771.0,1338389648.0,12:00 AM - 23 Feb 2016,Dhabi,1,0,0
2453656771.0,2453656771.0,12:00 AM - 23 Feb 2016,Dhabi,1,0,0
21033096.0,300429074.0,12:00 AM - 23 Feb 2016,Dhabi,3,kartenquiz,1
21033096.0,391282188.0,12:00 AM - 23 Feb 2016,Dhabi,3,kartenquiz,1
21033096.0,4044833592.0,12:00 AM - 23 Feb 2016,Dhabi,3,kartenquiz,1
21033096.0,4044833592.0,12:00 AM - 23 Feb 2016,Dhabi,3,kartenquiz,1
21033096.0,248626141.0,12:00 AM - 23 Feb 2016,Dhabi,3,kartenquiz,1
21033096.0,220075111.0,12:00 AM - 23 Feb 2016,Dhabi,3,kartenquiz,1
21033096.0,277115591.0,12:00 AM - 23 Feb 2016,Dhabi,3,kartenquiz,1
21033096.0,1867738674.0,12:00 AM - 23 Feb 2016,Dhabi,3,kartenquiz,1
21033096.0,1531774699.0,12:00 AM - 23 Feb 2016,Dhabi,3,kartenquiz,1
21033096.0,454829072.0,12:00 AM - 23 Feb 2016,Dhabi,3,kartenquiz,1
21033096.0,1338389648.0,12:00 AM - 23 Feb 2016,Dhabi,3,kartenquiz,1
21033096.0,2453656771.0,12:00 AM - 23 Feb 2016,Dhabi,3,kartenquiz,1
54348099.0,249831776.0,12:00 AM - 23 Feb 2016,between,1,instagram,1
54348099.0,38951171.0,12:00 AM - 23 Feb 2016,time,1,instagram,1
300429074.0,391282188.0,12:00 AM - 23 Feb 2016,Dhabi,1,instagram,1
300429074.0,4044833592.0,12:00 AM - 23 Feb 2016,Dhabi,1,instagram,1
300429074.0,4044833592.0,12:00 AM - 23 Feb 2016,Dhabi,1,instagram,1
300429074.0,1565933497.0,12:00 AM - 23 Feb 2016,photo,1,instagram,1
300429074.0,1565933497.0,12:00 AM - 23 Feb 2016,Just,1,instagram,1
300429074.0,1565933497.0,12:00 AM - 23 Feb 2016,posted,1,instagram,1
300429074.0,248626141.0,12:00 AM - 23 Feb 2016,Dhabi,1,instagram,1
300429074.0,220075111.0,12:00 AM - 23 Feb 2016,Dhabi,1,instagram,1
300429074.0,220075111.0,12:00 AM - 23 Feb 2016,Just,1,instagram,1
300429074.0,347889518.0,12:00 AM - 23 Feb 2016,photo,1,instagram,1
300429074.0,277115591.0,12:00 AM - 23 Feb 2016,Dhabi,1,instagram,1
300429074.0,1867738674.0,12:00 AM - 23 Feb 2016,Dhabi,1,instagram,1
300429074.0,1531774699.0,12:00 AM - 23 Feb 2016,Dhabi,1,instagram,1
300429074.0,454829072.0,12:00 AM - 23 Feb 2016,Dhabi,1,instagram,1
300429074.0,1338389648.0,12:00 AM - 23 Feb 2016,City,1,instagram,1
300429074.0,1338389648.0,12:00 AM - 23 Feb 2016,Dhabi,1,instagram,1
300429074.0,2453656771.0,12:00 AM - 23 Feb 2016,Dhabi,1,instagram,1
300429074.0,293670056.0,12:00 AM - 23 Feb 2016,City,1,instagram,1
391282188.0,4044833592.0,12:00 AM - 23 Feb 2016,Dhabi,2,swarmapp,1
391282188.0,4044833592.0,12:00 AM - 23 Feb 2016,Dhabi,2,swarmapp,1
391282188.0,248626141.0,12:00 AM - 23 Feb 2016,Dhabi,2,swarmapp,1
391282188.0,220075111.0,12:00 AM - 23 Feb 2016,Dhabi,2,swarmapp,1
391282188.0,277115591.0,12:00 AM - 23 Feb 2016,Dhabi,2,swarmapp,1
391282188.0,1867738674.0,12:00 AM - 23 Feb 2016,Dhabi,2,swarmapp,1
391282188.0,1531774699.0,12:00 AM - 23 Feb 2016,Dhabi,2,swarmapp,1
391282188.0,454829072.0,12:00 AM - 23 Feb 2016,Dhabi,2,swarmapp,1
391282188.0,1338389648.0,12:00 AM - 23 Feb 2016,Dhabi,2,swarmapp,1
391282188.0,2453656771.0,12:00 AM - 23 Feb 2016,Dhabi,2,swarmapp,1
4044833592.0,4044833592.0,12:00 AM - 23 Feb 2016,Rotana,1,instagram,2
4044833592.0,4044833592.0,12:00 AM - 23 Feb 2016,Dhabi,1,instagram,2
4044833592.0,4044833592.0,12:00 AM - 23 Feb 2016,Park,1,instagram,2
4044833592.0,248626141.0,12:00 AM - 23 Feb 2016,Dhabi,1,instagram,2
4044833592.0,220075111.0,12:00 AM - 23 Feb 2016,Dhabi,1,instagram,2
4044833592.0,277115591.0,12:00 AM - 23 Feb 2016,Dhabi,1,instagram,2
4044833592.0,1867738674.0,12:00 AM - 23 Feb 2016,Dhabi,1,instagram,2
4044833592.0,1531774699.0,12:00 AM - 23 Feb 2016,Dhabi,1,instagram,2
4044833592.0,454829072.0,12:00 AM - 23 Feb 2016,Dhabi,1,instagram,2
4044833592.0,1338389648.0,12:00 AM - 23 Feb 2016,Dhabi,1,instagram,2
4044833592.0,2453656771.0,12:00 AM - 23 Feb 2016,Dhabi,1,instagram,2
4044833592.0,248626141.0,12:00 AM - 23 Feb 2016,Dhabi,1,instagram,2
4044833592.0,220075111.0,12:00 AM - 23 Feb 2016,Dhabi,1,instagram,2
4044833592.0,277115591.0,12:00 AM - 23 Feb 2016,Dhabi,1,instagram,2
4044833592.0,1867738674.0,12:00 AM - 23 Feb 2016,Dhabi,1,instagram,2
4044833592.0,1531774699.0,12:00 AM - 23 Feb 2016,Dhabi,1,instagram,2
4044833592.0,454829072.0,12:00 AM - 23 Feb 2016,Dhabi,1,instagram,2
4044833592.0,1338389648.0,12:00 AM - 23 Feb 2016,Dhabi,1,instagram,2
4044833592.0,2453656771.0,12:00 AM - 23 Feb 2016,Dhabi,1,instagram,2
1565933497.0,220075111.0,12:00 AM - 23 Feb 2016,Just,1,instagram,1
1565933497.0,2153020994.0,12:00 AM - 23 Feb 2016,Mohamed,1,instagram,1
1565933497.0,347889518.0,12:00 AM - 23 Feb 2016,photo,1,instagram,1
81861754.0,2856517828.0,12:00 AM - 23 Feb 2016,#abudhabi,1,instagram,1
81861754.0,431718684.0,12:00 AM - 23 Feb 2016,#abudhabi,1,instagram,1
81861754.0,220075111.0,12:00 AM - 23 Feb 2016,#abudhabi,1,instagram,1
81861754.0,233603393.0,12:00 AM - 23 Feb 2016,#abudhabi,1,instagram,1
81861754.0,1338389648.0,12:00 AM - 23 Feb 2016,#evening,1,instagram,1
81861754.0,1338389648.0,12:00 AM - 23 Feb 2016,#abudhabi,1,instagram,1
81861754.0,1338389648.0,12:00 AM - 23 Feb 2016,#uae,1,instagram,1
81861754.0,1127752910.0,12:00 AM - 23 Feb 2016,#uae,1,instagram,1
81861754.0,19019803.0,12:00 AM - 23 Feb 2016,#abudhabi,1,instagram,1
81861754.0,19019803.0,12:00 AM - 23 Feb 2016,#uae,1,instagram,1
431718684.0,248626141.0,12:00 AM - 23 Feb 2016,beautiful,1,instagram,2
431718684.0,431718684.0,12:00 AM - 23 Feb 2016,#mosque,1,instagram,2
431718684.0,431718684.0,12:00 AM - 23 Feb 2016,#religion,1,instagram,2
431718684.0,1267822722.0,12:00 AM - 23 Feb 2016,Sheikh,1,instagram,2
431718684.0,2556089809.0,12:00 AM - 23 Feb 2016,beautiful,1,instagram,2
431718684.0,293670056.0,12:00 AM - 23 Feb 2016,Zayed,1,instagram,2
431718684.0,28578076.0,12:00 AM - 23 Feb 2016,most,1,instagram,2
2856517828.0,431718684.0,12:00 AM - 23 Feb 2016,#abudhabi,1,instagram,2
2856517828.0,220075111.0,12:00 AM - 23 Feb 2016,#abudhabi,1,instagram,2
2856517828.0,233603393.0,12:00 AM - 23 Feb 2016,#abudhabi,1,instagram,2
2856517828.0,2856517828.0,12:00 AM - 23 Feb 2016,#LatinLadiesNight,1,instagram,2
2856517828.0,1338389648.0,12:00 AM - 23 Feb 2016,#abudhabi,1,instagram,2
2856517828.0,19019803.0,12:00 AM - 23 Feb 2016,#abudhabi,1,instagram,2
285952883.0,188902985.0,12:00 AM - 23 Feb 2016,esta,2,instagram,1
248626141.0,220075111.0,12:00 AM - 23 Feb 2016,Dhabi,1,instagram,1
248626141.0,277115591.0,12:00 AM - 23 Feb 2016,Dhabi,1,instagram,1
248626141.0,1867738674.0,12:00 AM - 23 Feb 2016,Dhabi,1,instagram,1
248626141.0,1531774699.0,12:00 AM - 23 Feb 2016,Dhabi,1,instagram,1
248626141.0,2556089809.0,12:00 AM - 23 Feb 2016,beautiful,1,instagram,1
248626141.0,454829072.0,12:00 AM - 23 Feb 2016,Dhabi,1,instagram,1
248626141.0,1338389648.0,12:00 AM - 23 Feb 2016,Dhabi,1,instagram,1
248626141.0,2453656771.0,12:00 AM - 23 Feb 2016,Dhabi,1,instagram,1
2684296932.0,42911831.0,12:00 AM - 23 Feb 2016,from,1,instagram,1
2684296932.0,2380974648.0,12:00 AM - 23 Feb 2016,from,1,instagram,1
431718684.0,220075111.0,12:00 AM - 23 Feb 2016,#abudhabi,1,instagram,2
431718684.0,233603393.0,12:00 AM - 23 Feb 2016,#abudhabi,1,instagram,2
431718684.0,1338389648.0,12:00 AM - 23 Feb 2016,#abudhabi,1,instagram,2
431718684.0,19019803.0,12:00 AM - 23 Feb 2016,#abudhabi,1,instagram,2
220075111.0,277115591.0,12:00 AM - 23 Feb 2016,Dhabi,2,instagram,2
220075111.0,1867738674.0,12:00 AM - 23 Feb 2016,Dhabi,2,instagram,2
220075111.0,1531774699.0,12:00 AM - 23 Feb 2016,Dhabi,2,instagram,2
220075111.0,233603393.0,12:00 AM - 23 Feb 2016,#abudhabi,1,instagram,2
220075111.0,454829072.0,12:00 AM - 23 Feb 2016,Dhabi,2,instagram,2
220075111.0,1338389648.0,12:00 AM - 23 Feb 2016,#abudhabi,1,instagram,2
220075111.0,1338389648.0,12:00 AM - 23 Feb 2016,Dhabi,2,instagram,2
220075111.0,2453656771.0,12:00 AM - 23 Feb 2016,Dhabi,2,instagram,2
220075111.0,19019803.0,12:00 AM - 23 Feb 2016,#abudhabi,1,instagram,2
347889518.0,233603393.0,12:00 AM - 23 Feb 2016,love,1,0,0
347889518.0,19019803.0,12:00 AM - 23 Feb 2016,this,1,0,0
1267822722.0,190906174.0,12:00 AM - 23 Feb 2016,with,1,instagram,2
1267822722.0,2856517828.0,12:00 AM - 23 Feb 2016,with,1,instagram,2
1267822722.0,765079081.0,12:00 AM - 23 Feb 2016,with,1,instagram,2
1267822722.0,129628680.0,12:00 AM - 23 Feb 2016,with,1,instagram,2
1267822722.0,35626984.0,12:00 AM - 23 Feb 2016,with,1,instagram,2
277115591.0,1867738674.0,12:00 AM - 23 Feb 2016,United,1,instagram,1
277115591.0,1867738674.0,12:00 AM - 23 Feb 2016,Dhabi,1,instagram,1
277115591.0,1531774699.0,12:00 AM - 23 Feb 2016,Dhabi,1,instagram,1
277115591.0,454829072.0,12:00 AM - 23 Feb 2016,Dhabi,1,instagram,1
277115591.0,1338389648.0,12:00 AM - 23 Feb 2016,Dhabi,1,instagram,1
277115591.0,2453656771.0,12:00 AM - 23 Feb 2016,Dhabi,1,instagram,1
1867738674.0,1531774699.0,12:00 AM - 23 Feb 2016,Dhabi,1,instagram,1
1867738674.0,454829072.0,12:00 AM - 23 Feb 2016,Dhabi,1,instagram,1
1867738674.0,1338389648.0,12:00 AM - 23 Feb 2016,Dhabi,1,instagram,1
1867738674.0,2453656771.0,12:00 AM - 23 Feb 2016,Dhabi,1,instagram,1
190906174.0,2856517828.0,12:00 AM - 23 Feb 2016,with,1,path,1
190906174.0,765079081.0,12:00 AM - 23 Feb 2016,with,1,path,1
190906174.0,129628680.0,12:00 AM - 23 Feb 2016,with,1,path,1
190906174.0,35626984.0,12:00 AM - 23 Feb 2016,with,1,path,1
1531774699.0,454829072.0,12:00 AM - 23 Feb 2016,Dhabi,1,swarmapp,1
1531774699.0,1338389648.0,12:00 AM - 23 Feb 2016,Dhabi,1,swarmapp,1
1531774699.0,2453656771.0,12:00 AM - 23 Feb 2016,Dhabi,1,swarmapp,1
233603393.0,1338389648.0,12:00 AM - 23 Feb 2016,#abudhabi,1,instagram,1
233603393.0,19019803.0,12:00 AM - 23 Feb 2016,#abudhabi,1,instagram,1
2856517828.0,556895929.0,12:00 AM - 23 Feb 2016,Lets,1,instagram,2
2856517828.0,765079081.0,12:00 AM - 23 Feb 2016,with,1,instagram,2
2856517828.0,129628680.0,12:00 AM - 23 Feb 2016,with,1,instagram,2
2856517828.0,35626984.0,12:00 AM - 23 Feb 2016,with,1,instagram,2
454829072.0,1338389648.0,12:00 AM - 23 Feb 2016,Dhabi,1,instagram,3
454829072.0,2453656771.0,12:00 AM - 23 Feb 2016,Dhabi,1,instagram,3
1338389648.0,1127752910.0,12:00 AM - 23 Feb 2016,#uae,1,instagram,1
1338389648.0,2453656771.0,12:00 AM - 23 Feb 2016,Dhabi,2,instagram,1
1338389648.0,293670056.0,12:00 AM - 23 Feb 2016,City,1,instagram,1
1338389648.0,19019803.0,12:00 AM - 23 Feb 2016,#abudhabi,1,instagram,1
1338389648.0,19019803.0,12:00 AM - 23 Feb 2016,#uae,1,instagram,1
1127752910.0,19019803.0,12:00 AM - 23 Feb 2016,#uae,1,instagram,1
1127752910.0,42485388.0,12:00 AM - 23 Feb 2016,#beach,1,instagram,1
765079081.0,129628680.0,12:00 AM - 23 Feb 2016,with,1,instagram,1
765079081.0,35626984.0,12:00 AM - 23 Feb 2016,with,1,instagram,1
129628680.0,35626984.0,12:00 AM - 23 Feb 2016,with,1,instagram,1
229883964.0,42485388.0,12:00 AM - 23 Feb 2016,Beach,1,instagram,1
229883964.0,42485388.0,12:00 AM - 23 Feb 2016,South,1,instagram,1
229883964.0,385481756.0,12:00 AM - 23 Feb 2016,Maimi,1,instagram,1
229883964.0,7090132.0,12:00 AM - 23 Feb 2016,Beach,1,instagram,1
3331896981.0,188902985.0,12:00 AM - 23 Feb 2016,Miami,1,swarmapp,1
3331896981.0,62131700.0,12:00 AM - 23 Feb 2016,Miami,1,swarmapp,1
3331896981.0,42485388.0,12:00 AM - 23 Feb 2016,Miami,1,swarmapp,1
3331896981.0,20874461.0,12:00 AM - 23 Feb 2016,Miami,1,swarmapp,1
77303429.0,185789961.0,12:00 AM - 23 Feb 2016,Hollywood,1,instagram,1
77303429.0,138418838.0,12:00 AM - 23 Feb 2016,Hollywood,1,instagram,1
77303429.0,186478529.0,12:00 AM - 23 Feb 2016,Hollywood,1,instagram,1
185789961.0,138418838.0,12:00 AM - 23 Feb 2016,Latinos,2,dlvr,1
185789961.0,138418838.0,12:00 AM - 23 Feb 2016,#Stigmabase,1,dlvr,1
185789961.0,138418838.0,12:00 AM - 23 Feb 2016,least,1,dlvr,1
185789961.0,138418838.0,12:00 AM - 23 Feb 2016,represented,1,dlvr,1
185789961.0,138418838.0,12:00 AM - 23 Feb 2016,Least,1,dlvr,1
185789961.0,138418838.0,12:00 AM - 23 Feb 2016,in,1,dlvr,1
185789961.0,138418838.0,12:00 AM - 23 Feb 2016,Represented,1,dlvr,1
185789961.0,138418838.0,12:00 AM - 23 Feb 2016,Hollywood,1,dlvr,1
185789961.0,186478529.0,12:00 AM - 23 Feb 2016,Latinos,2,dlvr,1
185789961.0,186478529.0,12:00 AM - 23 Feb 2016,#Stigmabase,1,dlvr,1
185789961.0,186478529.0,12:00 AM - 23 Feb 2016,least,1,dlvr,1
185789961.0,186478529.0,12:00 AM - 23 Feb 2016,represented,1,dlvr,1
185789961.0,186478529.0,12:00 AM - 23 Feb 2016,Least,1,dlvr,1
185789961.0,186478529.0,12:00 AM - 23 Feb 2016,in,1,dlvr,1
185789961.0,186478529.0,12:00 AM - 23 Feb 2016,Represented,1,dlvr,1
185789961.0,186478529.0,12:00 AM - 23 Feb 2016,Hollywood,1,dlvr,1
138418838.0,186478529.0,12:00 AM - 23 Feb 2016,Latinos,2,dlvr,1
138418838.0,186478529.0,12:00 AM - 23 Feb 2016,#Stigmabase,1,dlvr,1
138418838.0,186478529.0,12:00 AM - 23 Feb 2016,least,1,dlvr,1
138418838.0,186478529.0,12:00 AM - 23 Feb 2016,represented,1,dlvr,1
138418838.0,186478529.0,12:00 AM - 23 Feb 2016,Least,1,dlvr,1
138418838.0,186478529.0,12:00 AM - 23 Feb 2016,in,1,dlvr,1
138418838.0,186478529.0,12:00 AM - 23 Feb 2016,Represented,1,dlvr,1
138418838.0,186478529.0,12:00 AM - 23 Feb 2016,Hollywood,1,dlvr,1
40561514.0,188902985.0,12:00 AM - 23 Feb 2016,Florida,1,instagram,1
40561514.0,385481756.0,12:00 AM - 23 Feb 2016,Florida,1,instagram,1
40561514.0,2380974648.0,12:00 AM - 23 Feb 2016,Florida,1,instagram,1
188902985.0,62131700.0,12:00 AM - 23 Feb 2016,Miami,1,instagram,1
188902985.0,42485388.0,12:00 AM - 23 Feb 2016,Miami,1,instagram,1
188902985.0,20874461.0,12:00 AM - 23 Feb 2016,Miami,1,instagram,1
188902985.0,385481756.0,12:00 AM - 23 Feb 2016,Florida,1,instagram,1
188902985.0,2380974648.0,12:00 AM - 23 Feb 2016,Florida,1,instagram,1
452615539.0,452615539.0,12:00 AM - 23 Feb 2016,tattoos,1,instagram,2
452615539.0,452615539.0,12:00 AM - 23 Feb 2016,Tattoos,1,instagram,2
452615539.0,452615539.0,12:00 AM - 23 Feb 2016,Simple,1,instagram,2
452615539.0,452615539.0,12:00 AM - 23 Feb 2016,Traditional,2,instagram,2
452615539.0,452615539.0,12:00 AM - 23 Feb 2016,palm,1,instagram,2
452615539.0,452615539.0,12:00 AM - 23 Feb 2016,Piercings,1,instagram,2
452615539.0,452615539.0,12:00 AM - 23 Feb 2016,Dermals,1,instagram,2
452615539.0,452615539.0,12:00 AM - 23 Feb 2016,Tuesdays,1,instagram,2
452615539.0,452615539.0,12:00 AM - 23 Feb 2016,size,1,instagram,2
62131700.0,42485388.0,12:00 AM - 23 Feb 2016,Miami,1,swarmapp,1
62131700.0,20874461.0,12:00 AM - 23 Feb 2016,Miami,1,swarmapp,1
42911831.0,2380974648.0,12:00 AM - 23 Feb 2016,from,1,ow,1
42485388.0,20874461.0,12:00 AM - 23 Feb 2016,Miami,1,instagram,1
42485388.0,7090132.0,12:00 AM - 23 Feb 2016,Beach,1,instagram,1
385481756.0,2380974648.0,12:00 AM - 23 Feb 2016,Florida,2,instagram,1
48086249.0,@auh,12:00 AM - 23 Feb 2016,International,1,instagram,1
48086249.0,@auh,12:00 AM - 23 Feb 2016,Airport,1,instagram,1
48086249.0,@auh,12:00 AM - 23 Feb 2016,Dhabi,2,instagram,1
48086249.0,@auh,12:00 AM - 23 Feb 2016,AUH,1,instagram,1
51321454.0,@jazzaberry,12:00 AM - 23 Feb 2016,#birthday,1,instagram,1
51321454.0,@jazzaberry,12:00 AM - 23 Feb 2016,thank,1,instagram,1
51321454.0,@jazzaberry,12:00 AM - 23 Feb 2016,visiting,1,instagram,1
51321454.0,@jazzaberry,12:00 AM - 23 Feb 2016,greeting,1,instagram,1
51321454.0,@jazzaberry,12:00 AM - 23 Feb 2016,Yayyyyy,1,instagram,2
51321454.0,@jazzaberry,12:00 AM - 23 Feb 2016,babes,1,instagram,2
51321454.0,@jazzaberry,12:00 AM - 23 Feb 2016,Thank,1,instagram,2
1267822722.0,@DXBMediaOffice,12:00 AM - 23 Feb 2016,managing,1,instagram,2
1267822722.0,@DXBMediaOffice,12:00 AM - 23 Feb 2016,director,1,instagram,2
1267822722.0,@DXBMediaOffice,12:00 AM - 23 Feb 2016,Digital,1,instagram,2
1267822722.0,@mbznews,12:00 AM - 23 Feb 2016,managing,1,instagram,2
1267822722.0,@mbznews,12:00 AM - 23 Feb 2016,director,1,instagram,2
1267822722.0,@mbznews,12:00 AM - 23 Feb 2016,Digital,1,instagram,2
1267822722.0,@simplyabudhabi,12:00 AM - 23 Feb 2016,managing,1,instagram,2
1267822722.0,@simplyabudhabi,12:00 AM - 23 Feb 2016,director,1,instagram,2
1267822722.0,@simplyabudhabi,12:00 AM - 23 Feb 2016,Digital,1,instagram,2
597363395.0,@tsogosun,12:00 AM - 23 Feb 2016,Dhabi,2,instagram,2
597363395.0,@tsogosun,12:00 AM - 23 Feb 2016,Southern,1,instagram,2
391557895.0,@mubarakalkatbi,12:00 AM - 23 Feb 2016,United,1,instagram,2
391557895.0,@mubarakalkatbi,12:00 AM - 23 Feb 2016,Arab,1,instagram,2
391557895.0,@mubarakalkatbi,12:00 AM - 23 Feb 2016,Dhabi,1,instagram,2
391557895.0,@mubarakalkatbi,12:00 AM - 23 Feb 2016,Emirates,1,instagram,2
2870687215.0,@solacash,12:00 AM - 23 Feb 2016,great,1,instagram,2
2870687215.0,@solacash,12:00 AM - 23 Feb 2016,time,1,instagram,2
2870687215.0,@solacash,12:00 AM - 23 Feb 2016,Long,1,instagram,2
2870687215.0,@solacash,12:00 AM - 23 Feb 2016,celebrating,1,instagram,2
2870687215.0,@solacash,12:00 AM - 23 Feb 2016,twas,1,instagram,2
2870687215.0,@solacash,12:00 AM - 23 Feb 2016,weekend,1,instagram,2
220075111.0,@etihadairways,12:00 AM - 23 Feb 2016,#abudhabi,1,instagram,2
220075111.0,@etihadairways,12:00 AM - 23 Feb 2016,International,1,instagram,2
220075111.0,@etihadairways,12:00 AM - 23 Feb 2016,landed,1,instagram,2
220075111.0,@etihadairways,12:00 AM - 23 Feb 2016,Dhabi,2,instagram,2
220075111.0,@etihadairways,12:00 AM - 23 Feb 2016,Airport,1,instagram,2
220075111.0,@etihadairways,12:00 AM - 23 Feb 2016,Just,1,instagram,2
174387985.0,@MaNarMohDarwiSH,12:00 AM - 23 Feb 2016,#Catlover,1,instagram,2
347889518.0,@TopalTouch,12:00 AM - 23 Feb 2016,love,1,instagram,2
347889518.0,@TopalTouch,12:00 AM - 23 Feb 2016,offer,1,instagram,2
347889518.0,@TopalTouch,12:00 AM - 23 Feb 2016,this,1,instagram,2
347889518.0,@TopalTouch,12:00 AM - 23 Feb 2016,photo,1,instagram,2
347889518.0,@TopalTouch,12:00 AM - 23 Feb 2016,rent,1,instagram,2
347889518.0,@TopalTouch,12:00 AM - 23 Feb 2016,Seen,1,instagram,2
347889518.0,@TopalTouch,12:00 AM - 23 Feb 2016,you,1,instagram,2
347889518.0,@YesIDoBridal,12:00 AM - 23 Feb 2016,love,1,instagram,2
347889518.0,@YesIDoBridal,12:00 AM - 23 Feb 2016,offer,1,instagram,2
347889518.0,@YesIDoBridal,12:00 AM - 23 Feb 2016,this,1,instagram,2
347889518.0,@YesIDoBridal,12:00 AM - 23 Feb 2016,photo,1,instagram,2
347889518.0,@YesIDoBridal,12:00 AM - 23 Feb 2016,rent,1,instagram,2
347889518.0,@YesIDoBridal,12:00 AM - 23 Feb 2016,Seen,1,instagram,2
347889518.0,@YesIDoBridal,12:00 AM - 23 Feb 2016,you,1,0,0
347889518.0,@uniqueberryart,12:00 AM - 23 Feb 2016,love,1,0,0
347889518.0,@uniqueberryart,12:00 AM - 23 Feb 2016,offer,1,0,0
347889518.0,@uniqueberryart,12:00 AM - 23 Feb 2016,this,1,0,0
347889518.0,@uniqueberryart,12:00 AM - 23 Feb 2016,photo,1,0,0
347889518.0,@uniqueberryart,12:00 AM - 23 Feb 2016,rent,1,instagram,1
347889518.0,@uniqueberryart,12:00 AM - 23 Feb 2016,Seen,1,instagram,1
347889518.0,@uniqueberryart,12:00 AM - 23 Feb 2016,you,1,instagram,1
347889518.0,@klalaphotograph,12:00 AM - 23 Feb 2016,love,1,instagram,1
347889518.0,@klalaphotograph,12:00 AM - 23 Feb 2016,offer,1,instagram,1
347889518.0,@klalaphotograph,12:00 AM - 23 Feb 2016,this,1,instagram,1
347889518.0,@klalaphotograph,12:00 AM - 23 Feb 2016,photo,1,instagram,1
347889518.0,@klalaphotograph,12:00 AM - 23 Feb 2016,rent,1,instagram,1
347889518.0,@klalaphotograph,12:00 AM - 23 Feb 2016,Seen,1,instagram,1
347889518.0,@klalaphotograph,12:00 AM - 23 Feb 2016,you,1,instagram,1
1267822722.0,@emiratespalace,12:00 AM - 23 Feb 2016,Sheikh,1,instagram,1
1267822722.0,@emiratespalace,12:00 AM - 23 Feb 2016,Highness,1,instagram,1
1267822722.0,@emiratespalace,12:00 AM - 23 Feb 2016,magical,1,instagram,1
1267822722.0,@emiratespalace,12:00 AM - 23 Feb 2016,together,1,instagram,1
1267822722.0,@emiratespalace,12:00 AM - 23 Feb 2016,truly,1,instagram,1
1267822722.0,@emiratespalace,12:00 AM - 23 Feb 2016,suroormohd,1,instagram,1
1267822722.0,@emiratespalace,12:00 AM - 23 Feb 2016,wonderful,1,instagram,1
1267822722.0,@emiratespalace,12:00 AM - 23 Feb 2016,with,1,instagram,1
77441114.0,@polwinkle,12:00 AM - 23 Feb 2016,mayas,1,instagram,1
77441114.0,@polwinkle,12:00 AM - 23 Feb 2016,month,1,instagram,1
77441114.0,@polwinkle,12:00 AM - 23 Feb 2016,Celebrating,1,instagram,1
77441114.0,@polwinkle,12:00 AM - 23 Feb 2016,thanks,1,instagram,1
77441114.0,@polwinkle,12:00 AM - 23 Feb 2016,Noor,1,instagram,1
77441114.0,@polwinkle,12:00 AM - 23 Feb 2016,hospeeps,1,instagram,1
77441114.0,@polwinkle,12:00 AM - 23 Feb 2016,baby,1,instagram,1
77441114.0,@polwinkle,12:00 AM - 23 Feb 2016,With,2,instagram,1
129628680.0,@oycmiami,12:00 AM - 23 Feb 2016,working,1,instagram,1
129628680.0,@oycmiami,12:00 AM - 23 Feb 2016,her,1,instagram,1
129628680.0,@oycmiami,12:00 AM - 23 Feb 2016,over,1,instagram,1
129628680.0,@oycmiami,12:00 AM - 23 Feb 2016,part,1,instagram,1
129628680.0,@oycmiami,12:00 AM - 23 Feb 2016,privilege,1,instagram,1
129628680.0,@oycmiami,12:00 AM - 23 Feb 2016,with,1,instagram,1
129628680.0,@angelasimmons,12:00 AM - 23 Feb 2016,working,1,instagram,1
129628680.0,@angelasimmons,12:00 AM - 23 Feb 2016,her,1,instagram,1
129628680.0,@angelasimmons,12:00 AM - 23 Feb 2016,over,1,instagram,1
129628680.0,@angelasimmons,12:00 AM - 23 Feb 2016,part,1,instagram,1
129628680.0,@angelasimmons,12:00 AM - 23 Feb 2016,privilege,1,instagram,1
129628680.0,@angelasimmons,12:00 AM - 23 Feb 2016,with,1,instagram,1
193033489.0,@vickyzilla,12:00 AM - 23 Feb 2016,mos,1,instagram,1
193033489.0,@vickyzilla,12:00 AM - 23 Feb 2016,duas,1,instagram,1
193033489.0,@vickyzilla,12:00 AM - 23 Feb 2016,nunca,1,instagram,1
193033489.0,@vickyzilla,12:00 AM - 23 Feb 2016,serio,1,instagram,1
193033489.0,@vickyzilla,12:00 AM - 23 Feb 2016,aprendam,1,0,0
193033489.0,@vickyzilla,12:00 AM - 23 Feb 2016,extremidade,1,0,0
193033489.0,@vickyzilla,12:00 AM - 23 Feb 2016,segurar,1,0,0
193033489.0,@vickyzilla,12:00 AM - 23 Feb 2016,martelo,1,0,0
62131700.0,@WoodTavern,12:00 AM - 23 Feb 2016,Miami,1,0,0
28578076.0,@Youfit,12:00 AM - 23 Feb 2016,Coconut,1,0,0
28578076.0,@Youfit,12:00 AM - 23 Feb 2016,thing,1,0,0
28578076.0,@Youfit,12:00 AM - 23 Feb 2016,Grove,1,0,0
28578076.0,@Youfit,12:00 AM - 23 Feb 2016,gym,1,0,0
28578076.0,@Youfit,12:00 AM - 23 Feb 2016,most,1,0,0
28578076.0,@Youfit,12:00 AM - 23 Feb 2016,Clubs,1,0,0
28578076.0,@Youfit,12:00 AM - 23 Feb 2016,Health,1,0,0
28578076.0,@Youfit,12:00 AM - 23 Feb 2016,world,1,0,0
28578076.0,@Youfit,12:00 AM - 23 Feb 2016,annoying,1,0,0
28578076.0,@Youfit,12:00 AM - 23 Feb 2016,Packed,1,0,0
1449552085.0,@shaun_frank,12:00 AM - 23 Feb 2016,#FutureHouse,1,0,0
1449552085.0,@LIVmiami,12:00 AM - 23 Feb 2016,#FutureHouse,1,0,0
1449552085.0,@shaun_frank,12:00 AM - 23 Feb 2016,This,1,0,0
1449552085.0,@shaun_frank,12:00 AM - 23 Feb 2016,LIVE,1,0,0
1449552085.0,@shaun_frank,12:00 AM - 23 Feb 2016,Thursday,1,0,0
1449552085.0,@LIVmiami,12:00 AM - 23 Feb 2016,This,1,0,0
1449552085.0,@LIVmiami,12:00 AM - 23 Feb 2016,LIVE,1,0,0
1449552085.0,@LIVmiami,12:00 AM - 23 Feb 2016,Thursday,1,0,0
2380974648.0,@etniesbmx,12:00 AM - 23 Feb 2016,sketch,1,0,0
2380974648.0,@etniesbmx,12:00 AM - 23 Feb 2016,from,1,0,0
2380974648.0,@etniesbmx,12:00 AM - 23 Feb 2016,brandonchristopher,1,0,0
2380974648.0,@etniesbmx,12:00 AM - 23 Feb 2016,some,1,0,0
2380974648.0,@etniesbmx,12:00 AM - 23 Feb 2016,Florida,1,0,0
2380974648.0,@etniesbmx,12:00 AM - 23 Feb 2016,past,1,0,0
2380974648.0,@etniesbmx,12:00 AM - 23 Feb 2016,weekend,1,0,0
2380974648.0,@cultcrew,12:00 AM - 23 Feb 2016,sketch,1,instagram,2
2380974648.0,@cultcrew,12:00 AM - 23 Feb 2016,from,1,instagram,2
2380974648.0,@cultcrew,12:00 AM - 23 Feb 2016,brandonchristopher,1,instagram,2
2380974648.0,@cultcrew,12:00 AM - 23 Feb 2016,some,1,instagram,2
2380974648.0,@cultcrew,12:00 AM - 23 Feb 2016,Florida,1,instagram,2
2380974648.0,@cultcrew,12:00 AM - 23 Feb 2016,past,1,instagram,2
2380974648.0,@cultcrew,12:00 AM - 23 Feb 2016,weekend,1,instagram,2
2380974648.0,@foxbmx,12:00 AM - 23 Feb 2016,sketch,1,instagram,2
2380974648.0,@foxbmx,12:00 AM - 23 Feb 2016,from,1,instagram,2
2380974648.0,@foxbmx,12:00 AM - 23 Feb 2016,brandonchristopher,1,instagram,2
2380974648.0,@foxbmx,12:00 AM - 23 Feb 2016,some,1,instagram,2
2380974648.0,@foxbmx,12:00 AM - 23 Feb 2016,Florida,1,instagram,2
2380974648.0,@foxbmx,12:00 AM - 23 Feb 2016,past,1,instagram,2
2380974648.0,@foxbmx,12:00 AM - 23 Feb 2016,weekend,1,instagram,2
333978731.0,@jreast_official,12:00 AM - 24 Feb 2016,Akabane,1,instagram,1
333978731.0,@jreast_official,12:00 AM - 24 Feb 2016,Sta,1,instagram,1
227597810.0,@starbucks_j,12:00 AM - 24 Feb 2016,Coffee,1,instagram,1
227597810.0,@starbucks_j,12:00 AM - 24 Feb 2016,Starbucks,1,instagram,1
3967047372.0,@keikyu_official,12:00 AM - 24 Feb 2016,Keiky,1,instagram,1
3967047372.0,@keikyu_official,12:00 AM - 24 Feb 2016,KK,1,instagram,1
3967047372.0,@keikyu_official,12:00 AM - 24 Feb 2016,Tkyto,1,instagram,1
3967047372.0,@keikyu_official,12:00 AM - 24 Feb 2016,Kamata,1,instagram,1
3967047372.0,@keikyu_official,12:00 AM - 24 Feb 2016,Sta,1,instagram,2
269473881.0,@jreast_official,12:00 AM - 24 Feb 2016,CC,1,instagram,2
124787944.0,@tokyu_official,12:00 AM - 24 Feb 2016,Sta,1,instagram,2
124787944.0,@tokyu_official,12:00 AM - 24 Feb 2016,TYMGTM,1,instagram,2
124787944.0,@tokyu_official,12:00 AM - 24 Feb 2016,Tamagawa,1,instagram,2
1035918655.0,@t_bigsight,12:00 AM - 24 Feb 2016,Koto,1,instagram,2
1035918655.0,@t_bigsight,12:00 AM - 24 Feb 2016,Sight,1,instagram,2
1035918655.0,@t_bigsight,12:00 AM - 24 Feb 2016,Tokyo,1,instagram,2
99653640.0,@jreast_official,12:00 AM - 24 Feb 2016,Hodogaya,1,instagram,2
99653640.0,@jreast_official,12:00 AM - 24 Feb 2016,Sta,1,instagram,2
113282137.0,@curry_shop_cc,12:00 AM - 24 Feb 2016,B,1,instagram,2
480214676.0,@jreast_official,12:00 AM - 24 Feb 2016,Tkyto,1,instagram,2
480214676.0,@jreast_official,12:00 AM - 24 Feb 2016,Shinjuku,1,instagram,2
228662131.0,@tokyu_official,12:00 AM - 24 Feb 2016,OM,1,instagram,2
480214676.0,@jreast_official,12:00 AM - 24 Feb 2016,Shinjuku,1,instagram,2
480214676.0,@jreast_official,12:00 AM - 24 Feb 2016,Sta,1,instagram,2
1945759753.0,@yanzaki1,12:00 AM - 24 Feb 2016,ooo,1,instagram,2
73315103.0,@sotetsu_pr,12:00 AM - 24 Feb 2016,Futamatagawa,1,instagram,2
73315103.0,@sotetsu_pr,12:00 AM - 24 Feb 2016,StaSO,1,instagram,2
200438486.0,@odakyuline_info,12:00 AM - 24 Feb 2016,Machida,1,instagram,2
200438486.0,@odakyuline_info,12:00 AM - 24 Feb 2016,Sta,1,instagram,2
200438486.0,@odakyuline_info,12:00 AM - 24 Feb 2016,OH,1,instagram,2
3105147968.0,@h_line_info,12:00 AM - 24 Feb 2016,Chiyoda,1,instagram,2
3105147968.0,@h_line_info,12:00 AM - 24 Feb 2016,H,1,instagram,2
189583155.0,@jreast_official,12:00 AM - 24 Feb 2016,Nakano,1,instagram,2
189583155.0,@jreast_official,12:00 AM - 24 Feb 2016,Sta,1,instagram,2
189583155.0,@jreast_official,12:00 AM - 24 Feb 2016,Kenji,1,instagram,2
189583155.0,@jreast_official,12:00 AM - 24 Feb 2016,Sta,1,instagram,2
587552613.0,@uectokyo,12:00 AM - 24 Feb 2016,C,1,instagram,2
1798912051.0,@odakyuline_info,12:00 AM - 24 Feb 2016,Odakyu,1,instagram,2
1798912051.0,@odakyuline_info,12:00 AM - 24 Feb 2016,OT,1,instagram,2
1798912051.0,@odakyuline_info,12:00 AM - 24 Feb 2016,Nagayama,1,instagram,2
1798912051.0,@odakyuline_info,12:00 AM - 24 Feb 2016,Sta,1,instagram,2
791643146.0,@tokyu_official,12:00 AM - 24 Feb 2016,Sta,1,instagram,2
791643146.0,@tokyu_official,12:00 AM - 24 Feb 2016,Hiyoshi,1,instagram,2
41596109.0,@m_line_info,12:00 AM - 24 Feb 2016,Shinkoenji,1,instagram,2
41596109.0,@m_line_info,12:00 AM - 24 Feb 2016,M,1,instagram,2
41596109.0,@m_line_info,12:00 AM - 24 Feb 2016,Sta,1,instagram,2
105546083.0,@yurikamome_info,12:00 AM - 24 Feb 2016,Telecom,1,instagram,2
105546083.0,@yurikamome_info,12:00 AM - 24 Feb 2016,U,1,instagram,2
105546083.0,@yurikamome_info,12:00 AM - 24 Feb 2016,Center,1,instagram,2
105546083.0,@yurikamome_info,12:00 AM - 24 Feb 2016,Sta,1,instagram,2
2361073248.0,@jreast_official,12:00 AM - 24 Feb 2016,Yokohama,1,instagram,2
2361073248.0,@jreast_official,12:00 AM - 24 Feb 2016,JR,1,instagram,2
163862538.0,@y_line_info,12:00 AM - 24 Feb 2016,Y,1,0,0
163862538.0,@y_line_info,12:00 AM - 24 Feb 2016,Koto,1,0,0
609098157.0,@tokyometro_info,12:00 AM - 24 Feb 2016,NYZ,1,0,0
609098157.0,@tokyometro_info,12:00 AM - 24 Feb 2016,Nagatach,1,0,0
609098157.0,@tokyometro_info,12:00 AM - 24 Feb 2016,Sta,1,0,0
41519781.0,@keiodentetsu,12:00 AM - 24 Feb 2016,Eifukuch,1,instagram,1
41519781.0,@keiodentetsu,12:00 AM - 24 Feb 2016,Sta,1,instagram,1
41519781.0,@keiodentetsu,12:00 AM - 24 Feb 2016,IN,1,instagram,1
126251210.0,@jreast_official,12:00 AM - 24 Feb 2016,Nakano,1,instagram,1
126251210.0,@jreast_official,12:00 AM - 24 Feb 2016,Sta,1,instagram,1
2847518844.0,@chiba_univ_pr,12:00 AM - 24 Feb 2016,Chiba,2,instagram,1
2847518844.0,@chiba_univ_pr,12:00 AM - 24 Feb 2016,University,1,instagram,1
2847518844.0,@chiba_univ_pr,12:00 AM - 24 Feb 2016,Nishichiba,1,instagram,1
2847518844.0,@chiba_univ_pr,12:00 AM - 24 Feb 2016,Campus,1,instagram,1
1876479247.0,@JaimeBlenDormir,12:00 AM - 24 Feb 2016,gundam,1,instagram,1
1876479247.0,@JaimeBlenDormir,12:00 AM - 24 Feb 2016,pictwittercomvQoDiHye,1,instagram,1
1876479247.0,@JaimeBlenDormir,12:00 AM - 24 Feb 2016,caf,1,instagram,1
3967047372.0,@keikyu_official,12:00 AM - 24 Feb 2016,KK,1,instagram,1
3967047372.0,@keikyu_official,12:00 AM - 24 Feb 2016,Anamoriinari,1,instagram,1
3967047372.0,@keikyu_official,12:00 AM - 24 Feb 2016,Sta,1,instagram,1
1516188721.0,@jreast_official,12:00 AM - 24 Feb 2016,Sta,1,instagram,1
1516188721.0,@jreast_official,12:00 AM - 24 Feb 2016,HigashiKoganei,1,instagram,1
128930864.0,@deananddelucajp,12:00 AM - 24 Feb 2016,waka,1,instagram,1
128930864.0,@deananddelucajp,12:00 AM - 24 Feb 2016,DEAN,1,instagram,1
128930864.0,@deananddelucajp,12:00 AM - 24 Feb 2016,Waky,1,instagram,1
128930864.0,@deananddelucajp,12:00 AM - 24 Feb 2016,CAFES,1,instagram,1
128930864.0,@deananddelucajp,12:00 AM - 24 Feb 2016,Waka,1,instagram,1
128930864.0,@deananddelucajp,12:00 AM - 24 Feb 2016,waky,1,instagram,1
128930864.0,@deananddelucajp,12:00 AM - 24 Feb 2016,DELUCA,1,instagram,1
193213839.0,@keiodentetsu,12:00 AM - 24 Feb 2016,KOIN,1,instagram,1
193213839.0,@keiodentetsu,12:00 AM - 24 Feb 2016,Sta,1,instagram,1
193213839.0,@keiodentetsu,12:00 AM - 24 Feb 2016,Meidaimae,1,instagram,1
78601488.0,@y_line_info,12:00 AM - 24 Feb 2016,Y,1,instagram,1
78601488.0,@y_line_info,12:00 AM - 24 Feb 2016,Edogawabashi,1,instagram,1
78601488.0,@y_line_info,12:00 AM - 24 Feb 2016,Sta,1,instagram,1
