UserID1,UserID2,KeyWord,Frequency
152186327.0,81861754.0,#dubai,1
152186327.0,81861754.0,#abudhabi,1
152186327.0,2856517828.0,#abudhabi,1
152186327.0,431718684.0,#abudhabi,1
152186327.0,220075111.0,#abudhabi,1
152186327.0,233603393.0,#abudhabi,1
152186327.0,1338389648.0,#abudhabi,1
152186327.0,19019803.0,#abudhabi,1
3924741861.0,380885546.0,Dhabi,1
3924741861.0,847597489.0,Dhabi,1
3924741861.0,3924741861.0,Dhabi,1
3924741861.0,3924741861.0,Centre,1
3924741861.0,3924741861.0,Trade,1
3924741861.0,3924741861.0,MALL,1
3924741861.0,3924741861.0,WTC,1
3924741861.0,3924741861.0,World,1
3924741861.0,4809045142.0,Dhabi,1
3924741861.0,48086249.0,Dhabi,1
3924741861.0,705837259.0,Dhabi,1
3924741861.0,15438696.0,Dhabi,1
3924741861.0,523020082.0,Dhabi,1
3924741861.0,3336921679.0,Dhabi,1
3924741861.0,312398924.0,Dhabi,1
3924741861.0,597363395.0,Dhabi,1
3924741861.0,391557895.0,Dhabi,1
3924741861.0,488978008.0,Dhabi,1
3924741861.0,150618111.0,Dhabi,1
3924741861.0,286892710.0,Dhabi,1
3924741861.0,312398924.0,Dhabi,1
3924741861.0,249777926.0,Dhabi,1
3924741861.0,249777926.0,Dhabi,1
3924741861.0,2453656771.0,Dhabi,1
3924741861.0,21033096.0,Dhabi,1
3924741861.0,300429074.0,Dhabi,1
3924741861.0,391282188.0,World,1
3924741861.0,391282188.0,Dhabi,1
3924741861.0,391282188.0,Trade,1
3924741861.0,4044833592.0,Dhabi,1
3924741861.0,4044833592.0,Dhabi,1
3924741861.0,81861754.0,#uae,1
3924741861.0,248626141.0,Dhabi,1
3924741861.0,220075111.0,Dhabi,1
3924741861.0,277115591.0,Dhabi,1
3924741861.0,1867738674.0,Dhabi,1
3924741861.0,1531774699.0,Dhabi,1
3924741861.0,454829072.0,Dhabi,1
3924741861.0,1338389648.0,Dhabi,1
3924741861.0,1338389648.0,#uae,1
3924741861.0,1127752910.0,#uae,1
3924741861.0,2453656771.0,Dhabi,1
3924741861.0,19019803.0,#rain,1
3924741861.0,19019803.0,#uae,1
398345302.0,380885546.0,good,1
398345302.0,3197562830.0,sleep,1
398345302.0,220075111.0,#AbuDhabi,1
398345302.0,118763512.0,morning,1
398345302.0,312398924.0,#AbuDhabi,1
398345302.0,82885382.0,morning,1
380885546.0,847597489.0,Dhabi,1
380885546.0,3924741861.0,Dhabi,1
380885546.0,4809045142.0,United,1
380885546.0,4809045142.0,Arab,1
380885546.0,4809045142.0,Dhabi,1
380885546.0,48086249.0,Dhabi,1
380885546.0,705837259.0,Dhabi,1
380885546.0,15438696.0,Dhabi,1
380885546.0,523020082.0,United,1
380885546.0,523020082.0,Arab,1
380885546.0,523020082.0,Dhabi,1
380885546.0,3336921679.0,United,1
380885546.0,3336921679.0,Arab,1
380885546.0,3336921679.0,Dhabi,1
380885546.0,312398924.0,Dhabi,1
380885546.0,597363395.0,Dhabi,1
380885546.0,391557895.0,United,1
380885546.0,391557895.0,Arab,1
380885546.0,391557895.0,Dhabi,1
380885546.0,488978008.0,Dhabi,1
380885546.0,150618111.0,Dhabi,1
380885546.0,286892710.0,Dhabi,1
380885546.0,312398924.0,Dhabi,1
380885546.0,249777926.0,Dhabi,1
380885546.0,249777926.0,Dhabi,1
380885546.0,2453656771.0,Dhabi,1
380885546.0,21033096.0,Dhabi,1
380885546.0,300429074.0,Dhabi,1
380885546.0,391282188.0,Dhabi,1
380885546.0,4044833592.0,Dhabi,1
380885546.0,4044833592.0,Dhabi,1
380885546.0,248626141.0,Dhabi,1
380885546.0,220075111.0,Dhabi,1
380885546.0,277115591.0,United,1
380885546.0,277115591.0,Arab,1
380885546.0,277115591.0,Dhabi,1
380885546.0,1867738674.0,United,1
380885546.0,1867738674.0,Dhabi,1
380885546.0,1531774699.0,Dhabi,1
380885546.0,454829072.0,Dhabi,1
380885546.0,1338389648.0,Dhabi,1
380885546.0,2453656771.0,Dhabi,1
847597489.0,3924741861.0,Dhabi,1
847597489.0,4809045142.0,Dhabi,1
847597489.0,48086249.0,Dhabi,1
847597489.0,705837259.0,Dhabi,1
847597489.0,15438696.0,Dhabi,1
847597489.0,523020082.0,Dhabi,1
847597489.0,3336921679.0,Dhabi,1
847597489.0,312398924.0,Dhabi,1
847597489.0,597363395.0,Dhabi,1
847597489.0,391557895.0,Dhabi,1
847597489.0,488978008.0,Dhabi,1
847597489.0,150618111.0,Dhabi,1
847597489.0,286892710.0,Dhabi,1
847597489.0,312398924.0,Dhabi,1
847597489.0,249777926.0,Dhabi,1
847597489.0,249777926.0,Dhabi,1
847597489.0,2453656771.0,Dhabi,1
847597489.0,21033096.0,Dhabi,1
847597489.0,300429074.0,Dhabi,1
847597489.0,391282188.0,Dhabi,1
847597489.0,4044833592.0,Dhabi,1
847597489.0,4044833592.0,Dhabi,1
847597489.0,248626141.0,Dhabi,1
847597489.0,220075111.0,Dhabi,1
847597489.0,277115591.0,Dhabi,1
847597489.0,1867738674.0,Dhabi,1
847597489.0,1531774699.0,Dhabi,1
847597489.0,454829072.0,Dhabi,1
847597489.0,1338389648.0,Dhabi,1
847597489.0,2453656771.0,Dhabi,1
3924741861.0,4809045142.0,Dhabi,2
3924741861.0,48086249.0,Dhabi,2
3924741861.0,705837259.0,Dhabi,2
3924741861.0,15438696.0,Dhabi,2
3924741861.0,523020082.0,Dhabi,2
3924741861.0,3336921679.0,Dhabi,2
3924741861.0,312398924.0,Dhabi,2
3924741861.0,597363395.0,Dhabi,2
3924741861.0,391557895.0,Dhabi,2
3924741861.0,488978008.0,Dhabi,2
3924741861.0,150618111.0,Dhabi,2
3924741861.0,286892710.0,Dhabi,2
3924741861.0,312398924.0,Dhabi,2
3924741861.0,249777926.0,Dhabi,2
3924741861.0,249777926.0,Dhabi,2
3924741861.0,2453656771.0,Dhabi,2
3924741861.0,21033096.0,Dhabi,2
3924741861.0,300429074.0,Dhabi,2
3924741861.0,391282188.0,World,1
3924741861.0,391282188.0,Dhabi,2
3924741861.0,391282188.0,Trade,1
3924741861.0,4044833592.0,Dhabi,2
3924741861.0,4044833592.0,Dhabi,2
3924741861.0,248626141.0,Dhabi,2
3924741861.0,220075111.0,Dhabi,2
3924741861.0,277115591.0,Dhabi,2
3924741861.0,1867738674.0,Dhabi,2
3924741861.0,1531774699.0,Dhabi,2
3924741861.0,454829072.0,Dhabi,2
3924741861.0,1338389648.0,Dhabi,2
3924741861.0,2453656771.0,Dhabi,2
202150622.0,54348099.0,there,1
4809045142.0,48086249.0,Dhabi,1
4809045142.0,705837259.0,Dhabi,1
4809045142.0,15438696.0,Dhabi,1
4809045142.0,523020082.0,United,1
4809045142.0,523020082.0,Arab,1
4809045142.0,523020082.0,Dhabi,1
4809045142.0,523020082.0,Emirates,1
4809045142.0,3336921679.0,United,1
4809045142.0,3336921679.0,Arab,1
4809045142.0,3336921679.0,Dhabi,1
4809045142.0,3336921679.0,Emirates,1
4809045142.0,312398924.0,Dhabi,1
4809045142.0,597363395.0,Dhabi,1
4809045142.0,391557895.0,United,1
4809045142.0,391557895.0,Arab,1
4809045142.0,391557895.0,Dhabi,1
4809045142.0,391557895.0,Emirates,1
4809045142.0,488978008.0,Dhabi,1
4809045142.0,150618111.0,Dhabi,1
4809045142.0,286892710.0,Dhabi,1
4809045142.0,312398924.0,Dhabi,1
4809045142.0,249777926.0,Dhabi,1
4809045142.0,249777926.0,Dhabi,1
4809045142.0,2453656771.0,Dhabi,1
4809045142.0,21033096.0,Dhabi,1
4809045142.0,300429074.0,Dhabi,1
4809045142.0,391282188.0,Dhabi,1
4809045142.0,4044833592.0,Dhabi,1
4809045142.0,4044833592.0,Dhabi,1
4809045142.0,248626141.0,Dhabi,1
4809045142.0,2684296932.0,Emirates,1
4809045142.0,220075111.0,Dhabi,1
4809045142.0,277115591.0,United,1
4809045142.0,277115591.0,Arab,1
4809045142.0,277115591.0,Dhabi,1
4809045142.0,1867738674.0,United,1
4809045142.0,1867738674.0,Dhabi,1
4809045142.0,1531774699.0,Dhabi,1
4809045142.0,454829072.0,Dhabi,1
4809045142.0,1338389648.0,Dhabi,1
4809045142.0,2453656771.0,Dhabi,1
971376415.0,3336921679.0,photo,1
971376415.0,3336921679.0,Just,1
971376415.0,3336921679.0,posted,1
971376415.0,101428813.0,photo,1
971376415.0,101428813.0,Just,1
971376415.0,101428813.0,posted,1
971376415.0,300429074.0,photo,1
971376415.0,300429074.0,Just,1
971376415.0,300429074.0,posted,1
971376415.0,1565933497.0,photo,1
971376415.0,1565933497.0,Just,1
971376415.0,1565933497.0,posted,1
971376415.0,220075111.0,Just,1
971376415.0,347889518.0,photo,1
971376415.0,98049819.0,photo,1
971376415.0,98049819.0,Just,1
971376415.0,98049819.0,posted,1
48086249.0,705837259.0,Dhabi,2
48086249.0,15438696.0,International,1
48086249.0,15438696.0,Airport,1
48086249.0,15438696.0,Dhabi,2
48086249.0,15438696.0,AUH,1
48086249.0,523020082.0,Dhabi,2
48086249.0,3336921679.0,Dhabi,2
48086249.0,312398924.0,Dhabi,2
48086249.0,597363395.0,Dhabi,2
48086249.0,391557895.0,Dhabi,2
48086249.0,488978008.0,Dhabi,2
48086249.0,150618111.0,International,1
48086249.0,150618111.0,Airport,1
48086249.0,150618111.0,Dhabi,2
48086249.0,286892710.0,Dhabi,2
48086249.0,312398924.0,Dhabi,2
48086249.0,249777926.0,Dhabi,2
48086249.0,249777926.0,Dhabi,2
48086249.0,2453656771.0,Dhabi,2
48086249.0,21033096.0,Dhabi,2
48086249.0,300429074.0,Dhabi,2
48086249.0,391282188.0,Dhabi,2
48086249.0,4044833592.0,Dhabi,2
48086249.0,4044833592.0,Dhabi,2
48086249.0,248626141.0,Dhabi,2
48086249.0,220075111.0,International,1
48086249.0,220075111.0,Airport,1
48086249.0,220075111.0,Dhabi,2
48086249.0,277115591.0,Dhabi,2
48086249.0,1867738674.0,Dhabi,2
48086249.0,1531774699.0,Dhabi,2
48086249.0,454829072.0,Dhabi,2
48086249.0,1338389648.0,Dhabi,2
48086249.0,2453656771.0,Dhabi,2
48086249.0,19515882.0,International,1
48086249.0,19515882.0,Airport,1
233047263.0,21078125.0,Dubai,1
233047263.0,249777926.0,Khalifa,1
233047263.0,249777926.0,Khalifa,1
233047263.0,38951171.0,just,1
1572894900.0,1565933497.0,Marina,1
1572894900.0,2856517828.0,#entertainment,1
705837259.0,220075111.0,Hotel,1
705837259.0,15438696.0,Dhabi,1
705837259.0,523020082.0,Dhabi,1
705837259.0,3336921679.0,Dhabi,1
705837259.0,312398924.0,Hotel,1
705837259.0,312398924.0,Dhabi,1
705837259.0,597363395.0,Dhabi,1
705837259.0,391557895.0,Dhabi,1
705837259.0,488978008.0,Dhabi,1
705837259.0,150618111.0,Dhabi,1
705837259.0,286892710.0,Dhabi,1
705837259.0,312398924.0,Dhabi,1
705837259.0,249777926.0,Dhabi,1
705837259.0,249777926.0,Dhabi,1
705837259.0,2453656771.0,Dhabi,1
705837259.0,21033096.0,Dhabi,1
705837259.0,300429074.0,Dhabi,1
705837259.0,391282188.0,Dhabi,1
705837259.0,4044833592.0,Dhabi,1
705837259.0,4044833592.0,Dhabi,1
705837259.0,248626141.0,Dhabi,1
705837259.0,220075111.0,Dhabi,1
705837259.0,277115591.0,Dhabi,1
705837259.0,1867738674.0,Dhabi,1
705837259.0,1531774699.0,Hotel,1
705837259.0,1531774699.0,Dhabi,1
705837259.0,454829072.0,Dhabi,1
705837259.0,1338389648.0,Dhabi,1
705837259.0,2453656771.0,Dhabi,1
3197562830.0,248606587.0,Make,1
220075111.0,312398924.0,Hotel,1
220075111.0,312398924.0,#AbuDhabi,1
220075111.0,1531774699.0,Hotel,1
51321454.0,50652724.0,Thank,1
42858263.0,101428813.0,Street,1
15438696.0,523020082.0,Dhabi,2
15438696.0,3336921679.0,Dhabi,2
15438696.0,312398924.0,Dhabi,2
15438696.0,597363395.0,Dhabi,2
15438696.0,391557895.0,Dhabi,2
15438696.0,488978008.0,Dhabi,2
15438696.0,150618111.0,International,1
15438696.0,150618111.0,Airport,1
15438696.0,150618111.0,Dhabi,2
15438696.0,286892710.0,Dhabi,2
15438696.0,312398924.0,Dhabi,2
15438696.0,249777926.0,Dhabi,2
15438696.0,249777926.0,Dhabi,2
15438696.0,2453656771.0,Dhabi,2
15438696.0,21033096.0,Dhabi,2
15438696.0,300429074.0,Dhabi,2
15438696.0,391282188.0,Dhabi,2
15438696.0,4044833592.0,Dhabi,2
15438696.0,4044833592.0,Dhabi,2
15438696.0,248626141.0,Dhabi,2
15438696.0,220075111.0,International,1
15438696.0,220075111.0,Airport,1
15438696.0,220075111.0,Dhabi,2
15438696.0,277115591.0,Dhabi,2
15438696.0,1867738674.0,Dhabi,2
15438696.0,1531774699.0,Dhabi,2
15438696.0,454829072.0,Dhabi,2
15438696.0,1338389648.0,Dhabi,2
15438696.0,2453656771.0,Dhabi,2
15438696.0,19515882.0,International,1
15438696.0,19515882.0,Airport,1
590322512.0,2870687215.0,time,1
590322512.0,54348099.0,time,1
590322512.0,38951171.0,time,1
84635316.0,18880159.0,view,1
84635316.0,312398924.0,Towers,1
84635316.0,1267822722.0,with,1
84635316.0,190906174.0,Cafe,1
84635316.0,190906174.0,with,1
84635316.0,2856517828.0,with,1
84635316.0,765079081.0,with,1
84635316.0,129628680.0,with,1
84635316.0,35626984.0,with,1
84635316.0,2897111353.0,with,1
248606587.0,82885382.0,wish,1
523020082.0,3336921679.0,United,1
523020082.0,3336921679.0,Arab,1
523020082.0,3336921679.0,Dhabi,1
523020082.0,3336921679.0,Emirates,1
523020082.0,312398924.0,Dhabi,1
523020082.0,597363395.0,Dhabi,1
523020082.0,391557895.0,United,1
523020082.0,391557895.0,Arab,1
523020082.0,391557895.0,Dhabi,1
523020082.0,391557895.0,Emirates,1
523020082.0,488978008.0,Dhabi,1
523020082.0,150618111.0,Dhabi,1
523020082.0,286892710.0,Dhabi,1
523020082.0,312398924.0,Dhabi,1
523020082.0,249777926.0,Dhabi,1
523020082.0,249777926.0,Dhabi,1
523020082.0,2453656771.0,Dhabi,1
523020082.0,21033096.0,Dhabi,1
523020082.0,300429074.0,Dhabi,1
523020082.0,391282188.0,Dhabi,1
523020082.0,4044833592.0,Dhabi,1
523020082.0,4044833592.0,Dhabi,1
523020082.0,248626141.0,Dhabi,1
523020082.0,2684296932.0,Emirates,1
523020082.0,220075111.0,Dhabi,1
523020082.0,277115591.0,United,1
523020082.0,277115591.0,Arab,1
523020082.0,277115591.0,Dhabi,1
523020082.0,1867738674.0,United,1
523020082.0,1867738674.0,Dhabi,1
523020082.0,1531774699.0,Dhabi,1
523020082.0,454829072.0,Dhabi,1
523020082.0,1338389648.0,Dhabi,1
523020082.0,2453656771.0,Dhabi,1
18880159.0,286892710.0,Abu,1
18880159.0,81861754.0,#sunset,1
18880159.0,19019803.0,#clouds,1
3336921679.0,312398924.0,Dhabi,1
3336921679.0,597363395.0,Dhabi,1
3336921679.0,391557895.0,United,1
3336921679.0,391557895.0,Arab,1
3336921679.0,391557895.0,Dhabi,1
3336921679.0,391557895.0,Emirates,1
3336921679.0,488978008.0,Dhabi,1
3336921679.0,150618111.0,Dhabi,1
3336921679.0,286892710.0,Dhabi,1
3336921679.0,101428813.0,photo,1
3336921679.0,101428813.0,Just,1
3336921679.0,101428813.0,posted,1
3336921679.0,312398924.0,Dhabi,1
3336921679.0,249777926.0,Dhabi,1
3336921679.0,249777926.0,Dhabi,1
3336921679.0,2453656771.0,Dhabi,1
3336921679.0,21033096.0,Dhabi,1
3336921679.0,300429074.0,photo,1
3336921679.0,300429074.0,Dhabi,1
3336921679.0,300429074.0,Just,1
3336921679.0,300429074.0,posted,1
3336921679.0,391282188.0,Dhabi,1
3336921679.0,4044833592.0,Dhabi,1
3336921679.0,4044833592.0,Dhabi,1
3336921679.0,1565933497.0,photo,1
3336921679.0,1565933497.0,Just,1
3336921679.0,1565933497.0,posted,1
3336921679.0,248626141.0,Dhabi,1
3336921679.0,2684296932.0,Emirates,1
3336921679.0,220075111.0,Dhabi,1
3336921679.0,220075111.0,Just,1
3336921679.0,347889518.0,photo,1
3336921679.0,277115591.0,United,1
3336921679.0,277115591.0,Arab,1
3336921679.0,277115591.0,Dhabi,1
3336921679.0,1867738674.0,United,1
3336921679.0,1867738674.0,Dhabi,1
3336921679.0,1531774699.0,Dhabi,1
3336921679.0,454829072.0,Dhabi,1
3336921679.0,1338389648.0,Dhabi,1
3336921679.0,2453656771.0,Dhabi,1
3336921679.0,98049819.0,photo,1
3336921679.0,98049819.0,Just,1
3336921679.0,98049819.0,posted,1
312398924.0,597363395.0,Dhabi,1
312398924.0,391557895.0,Dhabi,1
312398924.0,488978008.0,Dhabi,1
312398924.0,150618111.0,Dhabi,1
312398924.0,286892710.0,Dhabi,1
312398924.0,312398924.0,Dhabi,1
312398924.0,249777926.0,Dhabi,1
312398924.0,249777926.0,Dhabi,1
312398924.0,2453656771.0,Dhabi,1
312398924.0,21033096.0,Dhabi,1
312398924.0,300429074.0,Dhabi,1
312398924.0,391282188.0,Dhabi,1
312398924.0,4044833592.0,Dhabi,1
312398924.0,4044833592.0,Dhabi,1
312398924.0,248626141.0,Dhabi,1
312398924.0,220075111.0,Dhabi,1
312398924.0,277115591.0,Dhabi,1
312398924.0,1867738674.0,Dhabi,1
312398924.0,1531774699.0,Hotel,1
312398924.0,1531774699.0,Dhabi,1
312398924.0,454829072.0,Dhabi,1
312398924.0,1338389648.0,Dhabi,1
312398924.0,2453656771.0,Dhabi,1
312398924.0,129628680.0,over,1
597363395.0,391557895.0,Dhabi,2
597363395.0,488978008.0,Dhabi,2
597363395.0,150618111.0,Dhabi,2
597363395.0,286892710.0,Dhabi,2
597363395.0,312398924.0,Dhabi,2
597363395.0,249777926.0,Dhabi,2
597363395.0,249777926.0,Dhabi,2
597363395.0,2453656771.0,Dhabi,2
597363395.0,21033096.0,Dhabi,2
597363395.0,300429074.0,Dhabi,2
597363395.0,391282188.0,Dhabi,2
597363395.0,4044833592.0,Dhabi,2
597363395.0,4044833592.0,Dhabi,2
597363395.0,248626141.0,Dhabi,2
597363395.0,220075111.0,Dhabi,2
597363395.0,277115591.0,Dhabi,2
597363395.0,1867738674.0,Dhabi,2
597363395.0,1531774699.0,Dhabi,2
597363395.0,454829072.0,Dhabi,2
597363395.0,1338389648.0,Dhabi,2
597363395.0,2453656771.0,Dhabi,2
391557895.0,488978008.0,Dhabi,1
391557895.0,150618111.0,Dhabi,1
391557895.0,286892710.0,Dhabi,1
391557895.0,312398924.0,Dhabi,1
391557895.0,249777926.0,Dhabi,1
391557895.0,249777926.0,Dhabi,1
391557895.0,2453656771.0,Dhabi,1
391557895.0,21033096.0,Dhabi,1
391557895.0,300429074.0,Dhabi,1
391557895.0,391282188.0,Dhabi,1
391557895.0,4044833592.0,Dhabi,1
391557895.0,4044833592.0,Dhabi,1
391557895.0,248626141.0,Dhabi,1
391557895.0,2684296932.0,Emirates,1
391557895.0,220075111.0,Dhabi,1
391557895.0,277115591.0,United,1
391557895.0,277115591.0,Arab,1
391557895.0,277115591.0,Dhabi,1
391557895.0,1867738674.0,United,1
391557895.0,1867738674.0,Dhabi,1
391557895.0,1531774699.0,Dhabi,1
391557895.0,454829072.0,Dhabi,1
391557895.0,1338389648.0,Dhabi,1
391557895.0,2453656771.0,Dhabi,1
488978008.0,150618111.0,Dhabi,1
488978008.0,286892710.0,Dhabi,1
488978008.0,312398924.0,Dhabi,1
488978008.0,249777926.0,Dhabi,1
488978008.0,249777926.0,Dhabi,1
488978008.0,2453656771.0,Dhabi,1
488978008.0,21033096.0,Dhabi,1
488978008.0,300429074.0,Dhabi,1
488978008.0,391282188.0,Dhabi,1
488978008.0,4044833592.0,Dhabi,1
488978008.0,4044833592.0,Dhabi,1
488978008.0,248626141.0,Dhabi,1
488978008.0,220075111.0,Dhabi,1
488978008.0,277115591.0,Dhabi,1
488978008.0,1867738674.0,Dhabi,1
488978008.0,1531774699.0,Dhabi,1
488978008.0,454829072.0,Dhabi,1
488978008.0,1338389648.0,Dhabi,1
488978008.0,2453656771.0,Dhabi,1
150618111.0,286892710.0,Dhabi,1
150618111.0,312398924.0,Dhabi,1
150618111.0,249777926.0,Dhabi,1
150618111.0,249777926.0,Dhabi,1
150618111.0,2453656771.0,Dhabi,1
150618111.0,21033096.0,Dhabi,1
150618111.0,300429074.0,Dhabi,1
150618111.0,391282188.0,Dhabi,1
150618111.0,4044833592.0,Dhabi,1
150618111.0,4044833592.0,Dhabi,1
150618111.0,248626141.0,Dhabi,1
150618111.0,220075111.0,International,1
150618111.0,220075111.0,Airport,1
150618111.0,220075111.0,Dhabi,1
150618111.0,277115591.0,Dhabi,1
150618111.0,1867738674.0,Dhabi,1
150618111.0,1531774699.0,Dhabi,1
150618111.0,454829072.0,Dhabi,1
150618111.0,1338389648.0,Dhabi,1
150618111.0,2453656771.0,Dhabi,1
150618111.0,19515882.0,International,1
150618111.0,19515882.0,Airport,1
286892710.0,629965451.0,this,1
286892710.0,312398924.0,this,1
286892710.0,347889518.0,this,1
286892710.0,19019803.0,this,1
118763512.0,765079081.0,home,1
118763512.0,293710779.0,when,1
118763512.0,24691627.0,have,1
118763512.0,82885382.0,morning,1
286892710.0,312398924.0,Dhabi,1
286892710.0,249777926.0,Dhabi,1
286892710.0,249777926.0,Dhabi,1
286892710.0,2453656771.0,Dhabi,1
286892710.0,21033096.0,Dhabi,1
286892710.0,300429074.0,Dhabi,1
286892710.0,391282188.0,Dhabi,1
286892710.0,4044833592.0,Dhabi,1
286892710.0,4044833592.0,Dhabi,1
286892710.0,248626141.0,Dhabi,1
286892710.0,220075111.0,Dhabi,1
286892710.0,277115591.0,Dhabi,1
286892710.0,1867738674.0,Dhabi,1
286892710.0,1531774699.0,Dhabi,1
286892710.0,2856517828.0,Lets,1
286892710.0,454829072.0,Dhabi,1
286892710.0,1338389648.0,Dhabi,1
286892710.0,556895929.0,Lets,1
286892710.0,2453656771.0,Dhabi,1
101428813.0,300429074.0,photo,1
101428813.0,300429074.0,Just,1
101428813.0,300429074.0,posted,1
101428813.0,391282188.0,Center,1
101428813.0,1565933497.0,photo,1
101428813.0,1565933497.0,Just,1
101428813.0,1565933497.0,posted,1
101428813.0,220075111.0,Just,1
101428813.0,347889518.0,photo,1
101428813.0,98049819.0,photo,1
101428813.0,98049819.0,Just,1
101428813.0,98049819.0,posted,1
101428813.0,105546083.0,Center,1
629965451.0,312398924.0,this,1
629965451.0,347889518.0,this,1
629965451.0,19019803.0,this,1
629965451.0,2380974648.0,sketch,1
50652724.0,2870687215.0,great,1
312398924.0,249777926.0,Dhabi,1
312398924.0,249777926.0,Dhabi,1
312398924.0,2453656771.0,Dhabi,1
312398924.0,21033096.0,Dhabi,1
312398924.0,300429074.0,Dhabi,1
312398924.0,391282188.0,Dhabi,1
312398924.0,4044833592.0,Dhabi,1
312398924.0,4044833592.0,Dhabi,1
312398924.0,248626141.0,Dhabi,1
312398924.0,220075111.0,Dhabi,1
312398924.0,347889518.0,this,1
312398924.0,277115591.0,Dhabi,1
312398924.0,1867738674.0,Dhabi,1
312398924.0,1531774699.0,Dhabi,1
312398924.0,454829072.0,Dhabi,1
312398924.0,1338389648.0,Dhabi,1
312398924.0,2453656771.0,Dhabi,1
312398924.0,19019803.0,this,1
2870687215.0,229883964.0,your,1
468828312.0,48045893.0,today,1
468828312.0,82885382.0,today,1
249777926.0,249777926.0,City,1
249777926.0,249777926.0,Dhabi,1
249777926.0,249777926.0,Khalifa,1
249777926.0,2453656771.0,Dhabi,1
249777926.0,21033096.0,Dhabi,1
249777926.0,300429074.0,City,1
249777926.0,300429074.0,Dhabi,1
249777926.0,391282188.0,Dhabi,1
249777926.0,4044833592.0,Dhabi,1
249777926.0,4044833592.0,Dhabi,1
249777926.0,248626141.0,Dhabi,1
249777926.0,220075111.0,Dhabi,1
249777926.0,277115591.0,Dhabi,1
249777926.0,1867738674.0,Dhabi,1
249777926.0,1531774699.0,Dhabi,1
249777926.0,454829072.0,Dhabi,1
249777926.0,1338389648.0,City,1
249777926.0,1338389648.0,Dhabi,1
249777926.0,2453656771.0,Dhabi,1
249777926.0,293670056.0,City,1
2870687215.0,54348099.0,time,1
2870687215.0,38951171.0,time,1
2870687215.0,2380974648.0,weekend,1
249777926.0,2453656771.0,Dhabi,1
249777926.0,21033096.0,Dhabi,1
249777926.0,300429074.0,City,1
249777926.0,300429074.0,Dhabi,1
249777926.0,391282188.0,Dhabi,1
249777926.0,4044833592.0,Dhabi,1
249777926.0,4044833592.0,Dhabi,1
249777926.0,248626141.0,Dhabi,1
249777926.0,220075111.0,Dhabi,1
249777926.0,277115591.0,Dhabi,1
249777926.0,1867738674.0,Dhabi,1
249777926.0,1531774699.0,Dhabi,1
249777926.0,454829072.0,Dhabi,1
249777926.0,1338389648.0,City,1
249777926.0,1338389648.0,Dhabi,1
249777926.0,2453656771.0,Dhabi,1
249777926.0,293670056.0,City,1
253134186.0,587552613.0,C,2
253134186.0,82885382.0,cloudy,1
2453656771.0,21033096.0,Dhabi,1
2453656771.0,300429074.0,Dhabi,1
2453656771.0,391282188.0,Dhabi,1
2453656771.0,4044833592.0,Dhabi,1
2453656771.0,4044833592.0,Dhabi,1
2453656771.0,248626141.0,Dhabi,1
2453656771.0,220075111.0,Dhabi,1
2453656771.0,277115591.0,Dhabi,1
2453656771.0,1867738674.0,Dhabi,1
2453656771.0,1531774699.0,Dhabi,1
2453656771.0,454829072.0,Dhabi,1
2453656771.0,1338389648.0,Dhabi,1
2453656771.0,2453656771.0,Dhabi,1
21033096.0,300429074.0,Dhabi,3
21033096.0,391282188.0,Dhabi,3
21033096.0,4044833592.0,Dhabi,3
21033096.0,4044833592.0,Dhabi,3
21033096.0,248626141.0,Dhabi,3
21033096.0,220075111.0,Dhabi,3
21033096.0,277115591.0,Dhabi,3
21033096.0,1867738674.0,Dhabi,3
21033096.0,1531774699.0,Dhabi,3
21033096.0,454829072.0,Dhabi,3
21033096.0,1338389648.0,Dhabi,3
21033096.0,2453656771.0,Dhabi,3
54348099.0,249831776.0,between,1
54348099.0,38951171.0,time,1
300429074.0,391282188.0,Dhabi,1
300429074.0,4044833592.0,Dhabi,1
300429074.0,4044833592.0,Dhabi,1
300429074.0,1565933497.0,photo,1
300429074.0,1565933497.0,Just,1
300429074.0,1565933497.0,posted,1
300429074.0,248626141.0,Dhabi,1
300429074.0,220075111.0,Dhabi,1
300429074.0,220075111.0,Just,1
300429074.0,347889518.0,photo,1
300429074.0,277115591.0,Dhabi,1
300429074.0,1867738674.0,Dhabi,1
300429074.0,1531774699.0,Dhabi,1
300429074.0,454829072.0,Dhabi,1
300429074.0,1338389648.0,City,1
300429074.0,1338389648.0,Dhabi,1
300429074.0,2453656771.0,Dhabi,1
300429074.0,293670056.0,City,1
300429074.0,98049819.0,photo,1
300429074.0,98049819.0,Just,1
300429074.0,98049819.0,posted,1
391282188.0,4044833592.0,Dhabi,2
391282188.0,4044833592.0,Dhabi,2
391282188.0,248626141.0,Dhabi,2
391282188.0,220075111.0,Dhabi,2
391282188.0,277115591.0,Dhabi,2
391282188.0,1867738674.0,Dhabi,2
391282188.0,1531774699.0,Dhabi,2
391282188.0,454829072.0,Dhabi,2
391282188.0,1338389648.0,Dhabi,2
391282188.0,2453656771.0,Dhabi,2
391282188.0,105546083.0,Center,1
4044833592.0,4044833592.0,Rotana,1
4044833592.0,4044833592.0,Dhabi,1
4044833592.0,4044833592.0,Park,1
4044833592.0,248626141.0,Dhabi,1
4044833592.0,220075111.0,Dhabi,1
4044833592.0,277115591.0,Dhabi,1
4044833592.0,1867738674.0,Dhabi,1
4044833592.0,1531774699.0,Dhabi,1
4044833592.0,454829072.0,Dhabi,1
4044833592.0,1338389648.0,Dhabi,1
4044833592.0,2453656771.0,Dhabi,1
4044833592.0,248626141.0,Dhabi,1
4044833592.0,220075111.0,Dhabi,1
4044833592.0,277115591.0,Dhabi,1
4044833592.0,1867738674.0,Dhabi,1
4044833592.0,1531774699.0,Dhabi,1
4044833592.0,454829072.0,Dhabi,1
4044833592.0,1338389648.0,Dhabi,1
4044833592.0,2453656771.0,Dhabi,1
1565933497.0,220075111.0,Just,1
1565933497.0,2153020994.0,Mohamed,1
1565933497.0,347889518.0,photo,1
1565933497.0,98049819.0,photo,1
1565933497.0,98049819.0,Just,1
1565933497.0,98049819.0,posted,1
81861754.0,2856517828.0,#abudhabi,1
81861754.0,431718684.0,#abudhabi,1
81861754.0,220075111.0,#abudhabi,1
81861754.0,233603393.0,#abudhabi,1
81861754.0,1338389648.0,#evening,1
81861754.0,1338389648.0,#abudhabi,1
81861754.0,1338389648.0,#uae,1
81861754.0,1127752910.0,#uae,1
81861754.0,19019803.0,#abudhabi,1
81861754.0,19019803.0,#uae,1
431718684.0,248626141.0,beautiful,1
431718684.0,431718684.0,#mosque,1
431718684.0,431718684.0,#religion,1
431718684.0,1267822722.0,Sheikh,1
431718684.0,2556089809.0,beautiful,1
431718684.0,293670056.0,Zayed,1
431718684.0,28578076.0,most,1
2856517828.0,431718684.0,#abudhabi,1
2856517828.0,220075111.0,#abudhabi,1
2856517828.0,233603393.0,#abudhabi,1
2856517828.0,2856517828.0,#LatinLadiesNight,1
2856517828.0,1338389648.0,#abudhabi,1
2856517828.0,19019803.0,#abudhabi,1
285952883.0,188902985.0,esta,2
248626141.0,220075111.0,Dhabi,1
248626141.0,277115591.0,Dhabi,1
248626141.0,1867738674.0,Dhabi,1
248626141.0,1531774699.0,Dhabi,1
248626141.0,2556089809.0,beautiful,1
248626141.0,454829072.0,Dhabi,1
248626141.0,1338389648.0,Dhabi,1
248626141.0,2453656771.0,Dhabi,1
2684296932.0,42911831.0,from,1
2684296932.0,2380974648.0,from,1
2684296932.0,30787429.0,from,1
431718684.0,220075111.0,#abudhabi,1
431718684.0,233603393.0,#abudhabi,1
431718684.0,1338389648.0,#abudhabi,1
431718684.0,19019803.0,#abudhabi,1
431718684.0,82885382.0,Its,1
220075111.0,277115591.0,Dhabi,2
220075111.0,1867738674.0,Dhabi,2
220075111.0,1531774699.0,Dhabi,2
220075111.0,233603393.0,#abudhabi,1
220075111.0,454829072.0,Dhabi,2
220075111.0,1338389648.0,#abudhabi,1
220075111.0,1338389648.0,Dhabi,2
220075111.0,2453656771.0,Dhabi,2
220075111.0,19019803.0,#abudhabi,1
220075111.0,19515882.0,International,1
220075111.0,19515882.0,Airport,1
220075111.0,98049819.0,Just,1
347889518.0,233603393.0,love,1
347889518.0,19019803.0,this,1
347889518.0,98049819.0,photo,1
1267822722.0,190906174.0,with,1
1267822722.0,2856517828.0,with,1
1267822722.0,765079081.0,with,1
1267822722.0,129628680.0,with,1
1267822722.0,35626984.0,with,1
1267822722.0,2897111353.0,with,1
277115591.0,1867738674.0,United,1
277115591.0,1867738674.0,Dhabi,1
277115591.0,1531774699.0,Dhabi,1
277115591.0,454829072.0,Dhabi,1
277115591.0,1338389648.0,Dhabi,1
277115591.0,2453656771.0,Dhabi,1
1867738674.0,1531774699.0,Dhabi,1
1867738674.0,454829072.0,Dhabi,1
1867738674.0,1338389648.0,Dhabi,1
1867738674.0,2453656771.0,Dhabi,1
190906174.0,2856517828.0,with,1
190906174.0,765079081.0,with,1
190906174.0,129628680.0,with,1
190906174.0,35626984.0,with,1
190906174.0,2897111353.0,with,1
1531774699.0,454829072.0,Dhabi,1
1531774699.0,1338389648.0,Dhabi,1
1531774699.0,2453656771.0,Dhabi,1
233603393.0,1338389648.0,#abudhabi,1
233603393.0,19019803.0,#abudhabi,1
2856517828.0,556895929.0,Lets,1
2856517828.0,765079081.0,with,1
2856517828.0,129628680.0,with,1
2856517828.0,35626984.0,with,1
2856517828.0,2897111353.0,with,1
454829072.0,1338389648.0,Dhabi,1
454829072.0,2453656771.0,Dhabi,1
1338389648.0,1127752910.0,#uae,1
1338389648.0,2453656771.0,Dhabi,2
1338389648.0,293670056.0,City,1
1338389648.0,19019803.0,#abudhabi,1
1338389648.0,19019803.0,#uae,1
1127752910.0,19019803.0,#uae,1
1127752910.0,42485388.0,#beach,1
765079081.0,129628680.0,with,1
765079081.0,35626984.0,with,1
765079081.0,2897111353.0,with,1
129628680.0,35626984.0,with,1
129628680.0,2897111353.0,with,1
35626984.0,2897111353.0,with,1
229883964.0,42485388.0,Beach,1
229883964.0,42485388.0,South,1
229883964.0,385481756.0,Maimi,1
229883964.0,7090132.0,Beach,1
48045893.0,82885382.0,today,1
3331896981.0,188902985.0,Miami,1
3331896981.0,62131700.0,Miami,1
3331896981.0,42485388.0,Miami,1
3331896981.0,20874461.0,Miami,1
77303429.0,185789961.0,Hollywood,1
77303429.0,138418838.0,Hollywood,1
77303429.0,186478529.0,Hollywood,1
185789961.0,138418838.0,Latinos,2
185789961.0,138418838.0,#Stigmabase,1
185789961.0,138418838.0,least,1
185789961.0,138418838.0,represented,1
185789961.0,138418838.0,Least,1
185789961.0,138418838.0,in,1
185789961.0,138418838.0,Represented,1
185789961.0,138418838.0,Hollywood,1
185789961.0,186478529.0,Latinos,2
185789961.0,186478529.0,#Stigmabase,1
185789961.0,186478529.0,least,1
185789961.0,186478529.0,represented,1
185789961.0,186478529.0,Least,1
185789961.0,186478529.0,in,1
185789961.0,186478529.0,Represented,1
185789961.0,186478529.0,Hollywood,1
138418838.0,186478529.0,Latinos,2
138418838.0,186478529.0,#Stigmabase,1
138418838.0,186478529.0,least,1
138418838.0,186478529.0,represented,1
138418838.0,186478529.0,Least,1
138418838.0,186478529.0,in,1
138418838.0,186478529.0,Represented,1
138418838.0,186478529.0,Hollywood,1
40561514.0,188902985.0,Florida,1
40561514.0,385481756.0,Florida,1
40561514.0,2380974648.0,Florida,1
188902985.0,62131700.0,Miami,1
188902985.0,42485388.0,Miami,1
188902985.0,20874461.0,Miami,1
188902985.0,385481756.0,Florida,1
188902985.0,2380974648.0,Florida,1
452615539.0,452615539.0,tattoos,1
452615539.0,452615539.0,Tattoos,1
452615539.0,452615539.0,Simple,1
452615539.0,452615539.0,Traditional,2
452615539.0,452615539.0,palm,1
452615539.0,452615539.0,Piercings,1
452615539.0,452615539.0,Dermals,1
452615539.0,452615539.0,Tuesdays,1
452615539.0,452615539.0,size,1
62131700.0,42485388.0,Miami,1
62131700.0,20874461.0,Miami,1
144595380.0,133139771.0,Station,1
144595380.0,486672623.0,Station,1
42911831.0,2380974648.0,from,1
42911831.0,30787429.0,from,1
42485388.0,20874461.0,Miami,1
42485388.0,7090132.0,Beach,1
385481756.0,2380974648.0,Florida,2
28578076.0,485007946.0,world,1
2380974648.0,30787429.0,from,1
300281420.0,333978731.0,Sta,1
300281420.0,138303191.0,Sta,1
300281420.0,3967047372.0,Sta,1
300281420.0,200438486.0,Sta,1
300281420.0,1701041005.0,Sta,1
300281420.0,124787944.0,Sta,1
300281420.0,168467963.0,Sta,1
300281420.0,95909359.0,Sta,1
300281420.0,6386322.0,Sta,1
300281420.0,176081290.0,Sta,1
300281420.0,158805096.0,Sta,1
300281420.0,99653640.0,Sta,1
300281420.0,480214676.0,Sta,1
300281420.0,480214676.0,Sta,1
300281420.0,178672671.0,Sta,1
300281420.0,44629928.0,Sta,1
300281420.0,200438486.0,Sta,1
300281420.0,189583155.0,Sta,1
300281420.0,189583155.0,Sta,1
300281420.0,181423154.0,Sta,1
300281420.0,62775472.0,Sta,1
300281420.0,1885869060.0,Sta,1
300281420.0,1798912051.0,Sta,1
300281420.0,791643146.0,Sta,1
300281420.0,41596109.0,Sta,1
300281420.0,96042246.0,Sta,1
300281420.0,105546083.0,Sta,1
300281420.0,2361073248.0,Sta,1
300281420.0,265682901.0,Sta,1
300281420.0,163862538.0,Sta,1
300281420.0,54104257.0,Sta,1
300281420.0,609098157.0,Sta,1
300281420.0,41519781.0,Sta,1
300281420.0,126251210.0,Sta,1
300281420.0,3967047372.0,Sta,1
300281420.0,1516188721.0,Sta,1
300281420.0,2403023857.0,Sta,1
300281420.0,193213839.0,Sta,1
300281420.0,78601488.0,Sta,1
333978731.0,138303191.0,Sta,1
333978731.0,3967047372.0,Sta,1
333978731.0,200438486.0,Sta,1
333978731.0,1701041005.0,Sta,1
333978731.0,124787944.0,Sta,1
333978731.0,168467963.0,Sta,1
333978731.0,95909359.0,Sta,1
333978731.0,6386322.0,Sta,1
333978731.0,176081290.0,Sta,1
333978731.0,158805096.0,Sta,1
333978731.0,99653640.0,Sta,1
333978731.0,480214676.0,Sta,1
333978731.0,480214676.0,Sta,1
333978731.0,178672671.0,Sta,1
333978731.0,44629928.0,Sta,1
333978731.0,200438486.0,Sta,1
333978731.0,189583155.0,Sta,1
333978731.0,189583155.0,Sta,1
333978731.0,181423154.0,Sta,1
333978731.0,62775472.0,Sta,1
333978731.0,1885869060.0,Sta,1
333978731.0,1798912051.0,Sta,1
333978731.0,791643146.0,Sta,1
333978731.0,41596109.0,Sta,1
333978731.0,96042246.0,Sta,1
333978731.0,105546083.0,Sta,1
333978731.0,2361073248.0,Sta,1
333978731.0,265682901.0,Sta,1
333978731.0,163862538.0,Sta,1
333978731.0,54104257.0,Sta,1
333978731.0,609098157.0,Sta,1
333978731.0,41519781.0,Sta,1
333978731.0,126251210.0,Sta,1
333978731.0,3967047372.0,Sta,1
333978731.0,1516188721.0,Sta,1
333978731.0,2403023857.0,Sta,1
333978731.0,193213839.0,Sta,1
333978731.0,78601488.0,Sta,1
138303191.0,3967047372.0,Sta,1
138303191.0,200438486.0,Sta,1
138303191.0,1701041005.0,Sta,1
138303191.0,124787944.0,Sta,1
138303191.0,168467963.0,Sta,1
138303191.0,95909359.0,Sta,1
138303191.0,6386322.0,Sta,1
138303191.0,176081290.0,Sta,1
138303191.0,158805096.0,Sta,1
138303191.0,99653640.0,Sta,1
138303191.0,480214676.0,Sta,1
138303191.0,480214676.0,Sta,1
138303191.0,178672671.0,Sta,1
138303191.0,44629928.0,Sta,1
138303191.0,200438486.0,Sta,1
138303191.0,189583155.0,Sta,1
138303191.0,189583155.0,Sta,1
138303191.0,181423154.0,Sta,1
138303191.0,62775472.0,Sta,1
138303191.0,1885869060.0,Sta,1
138303191.0,1798912051.0,Sta,1
138303191.0,791643146.0,Sta,1
138303191.0,41596109.0,Sta,1
138303191.0,96042246.0,Sta,1
138303191.0,105546083.0,Sta,1
138303191.0,2361073248.0,Sta,1
138303191.0,265682901.0,Sta,1
138303191.0,163862538.0,Sta,1
138303191.0,163862538.0,Y,1
138303191.0,54104257.0,Sta,1
138303191.0,609098157.0,Sta,1
138303191.0,41519781.0,Sta,1
138303191.0,126251210.0,Sta,1
138303191.0,3967047372.0,Sta,1
138303191.0,1516188721.0,Sta,1
138303191.0,2403023857.0,Sta,1
138303191.0,193213839.0,Sta,1
138303191.0,78601488.0,Y,1
138303191.0,78601488.0,Sta,1
3967047372.0,200438486.0,Sta,1
3967047372.0,218048781.0,Tkyto,1
3967047372.0,1701041005.0,Sta,1
3967047372.0,124787944.0,Sta,1
3967047372.0,168467963.0,Sta,1
3967047372.0,95909359.0,Sta,1
3967047372.0,6386322.0,Sta,1
3967047372.0,176081290.0,Sta,1
3967047372.0,158805096.0,Sta,1
3967047372.0,99653640.0,Sta,1
3967047372.0,480214676.0,Tkyto,1
3967047372.0,480214676.0,Sta,1
3967047372.0,480214676.0,Sta,1
3967047372.0,178672671.0,Sta,1
3967047372.0,44629928.0,Sta,1
3967047372.0,200438486.0,Sta,1
3967047372.0,189583155.0,Sta,1
3967047372.0,189583155.0,Sta,1
3967047372.0,181423154.0,Sta,1
3967047372.0,62775472.0,Sta,1
3967047372.0,1885869060.0,Sta,1
3967047372.0,1798912051.0,Sta,1
3967047372.0,486672623.0,Keiky,1
3967047372.0,791643146.0,Sta,1
3967047372.0,41596109.0,Sta,1
3967047372.0,96042246.0,Sta,1
3967047372.0,105546083.0,Sta,1
3967047372.0,2361073248.0,Sta,1
3967047372.0,265682901.0,Sta,1
3967047372.0,163862538.0,Sta,1
3967047372.0,54104257.0,Sta,1
3967047372.0,609098157.0,Sta,1
3967047372.0,41519781.0,Sta,1
3967047372.0,126251210.0,Sta,1
3967047372.0,3967047372.0,KK,1
3967047372.0,3967047372.0,Sta,1
3967047372.0,1516188721.0,Sta,1
3967047372.0,2403023857.0,Sta,1
3967047372.0,193213839.0,Sta,1
3967047372.0,78601488.0,Sta,1
200438486.0,1701041005.0,Sta,1
200438486.0,124787944.0,Sta,1
200438486.0,168467963.0,Machida,2
200438486.0,168467963.0,Sta,1
200438486.0,95909359.0,Sta,1
200438486.0,1035918655.0,Tokyo,1
200438486.0,6386322.0,Sta,1
200438486.0,176081290.0,Sta,1
200438486.0,158805096.0,Sta,1
200438486.0,505416380.0,Tokyo,1
200438486.0,99653640.0,Sta,1
200438486.0,19515882.0,Tokyo,1
200438486.0,480214676.0,Sta,1
200438486.0,480214676.0,Sta,1
200438486.0,178672671.0,Sta,1
200438486.0,44629928.0,Sta,1
200438486.0,200438486.0,Machida,2
200438486.0,200438486.0,Sta,1
200438486.0,189583155.0,Sta,1
200438486.0,189583155.0,Sta,1
200438486.0,181423154.0,Sta,1
200438486.0,181423154.0,Tokyo,1
200438486.0,485007946.0,Tokyo,1
200438486.0,62775472.0,Sta,1
200438486.0,1885869060.0,Sta,1
200438486.0,1798912051.0,Sta,1
200438486.0,60498895.0,Tokyo,1
200438486.0,791643146.0,Sta,1
200438486.0,41596109.0,Sta,1
200438486.0,96042246.0,Machida,2
200438486.0,96042246.0,Sta,1
200438486.0,96042246.0,Tokyo,1
200438486.0,105546083.0,Sta,1
200438486.0,2361073248.0,Sta,1
200438486.0,265682901.0,Sta,1
200438486.0,163862538.0,Sta,1
200438486.0,54104257.0,Sta,1
200438486.0,609098157.0,Sta,1
200438486.0,41519781.0,Sta,1
200438486.0,126251210.0,Sta,1
200438486.0,3967047372.0,Sta,1
200438486.0,1516188721.0,Sta,1
200438486.0,2403023857.0,Sta,1
200438486.0,193213839.0,Sta,1
200438486.0,78601488.0,Sta,1
218048781.0,480214676.0,Tkyto,1
1701041005.0,124787944.0,Sta,1
1701041005.0,168467963.0,Sta,1
1701041005.0,95909359.0,Sta,1
1701041005.0,6386322.0,Sta,1
1701041005.0,176081290.0,Sta,1
1701041005.0,158805096.0,Sta,1
1701041005.0,99653640.0,Sta,1
1701041005.0,480214676.0,Sta,1
1701041005.0,480214676.0,Sta,1
1701041005.0,178672671.0,Sta,1
1701041005.0,44629928.0,Sta,1
1701041005.0,200438486.0,Sta,1
1701041005.0,189583155.0,Sta,1
1701041005.0,189583155.0,Sta,1
1701041005.0,181423154.0,Sta,1
1701041005.0,62775472.0,Sta,1
1701041005.0,1885869060.0,Sta,1
1701041005.0,1798912051.0,Sta,1
1701041005.0,791643146.0,Sta,1
1701041005.0,41596109.0,Sta,1
1701041005.0,96042246.0,Sta,1
1701041005.0,105546083.0,Sta,1
1701041005.0,2361073248.0,Sta,1
1701041005.0,265682901.0,Sta,1
1701041005.0,163862538.0,Sta,1
1701041005.0,54104257.0,Sta,1
1701041005.0,609098157.0,Sta,1
1701041005.0,41519781.0,Sta,1
1701041005.0,126251210.0,Sta,1
1701041005.0,3967047372.0,Sta,1
1701041005.0,1516188721.0,Sta,1
1701041005.0,2403023857.0,Sta,1
1701041005.0,193213839.0,Sta,1
1701041005.0,78601488.0,Sta,1
124787944.0,168467963.0,Sta,1
124787944.0,95909359.0,Sta,1
124787944.0,6386322.0,Sta,1
124787944.0,176081290.0,Sta,1
124787944.0,158805096.0,Sta,1
124787944.0,99653640.0,Sta,1
124787944.0,480214676.0,Sta,1
124787944.0,480214676.0,Sta,1
124787944.0,178672671.0,Sta,1
124787944.0,44629928.0,Sta,1
124787944.0,200438486.0,Sta,1
124787944.0,189583155.0,Sta,1
124787944.0,189583155.0,Sta,1
124787944.0,181423154.0,Sta,1
124787944.0,62775472.0,Sta,1
124787944.0,1885869060.0,Sta,1
124787944.0,1798912051.0,Sta,1
124787944.0,791643146.0,Sta,1
124787944.0,41596109.0,Sta,1
124787944.0,96042246.0,Sta,1
124787944.0,105546083.0,Sta,1
124787944.0,2361073248.0,Sta,1
124787944.0,265682901.0,Sta,1
124787944.0,163862538.0,Sta,1
124787944.0,54104257.0,Sta,1
124787944.0,609098157.0,Sta,1
124787944.0,41519781.0,Sta,1
124787944.0,126251210.0,Sta,1
124787944.0,3967047372.0,Sta,1
124787944.0,1516188721.0,Sta,1
124787944.0,2403023857.0,Sta,1
124787944.0,193213839.0,Sta,1
124787944.0,78601488.0,Sta,1
168467963.0,95909359.0,Sta,1
168467963.0,6386322.0,Sta,1
168467963.0,176081290.0,Sta,1
168467963.0,158805096.0,Sta,1
168467963.0,99653640.0,Sta,1
168467963.0,480214676.0,Sta,1
168467963.0,480214676.0,Sta,1
168467963.0,178672671.0,Sta,1
168467963.0,44629928.0,Sta,1
168467963.0,200438486.0,Machida,1
168467963.0,200438486.0,Sta,1
168467963.0,189583155.0,Sta,1
168467963.0,189583155.0,Sta,1
168467963.0,181423154.0,Sta,1
168467963.0,62775472.0,Sta,1
168467963.0,1885869060.0,Sta,1
168467963.0,1798912051.0,Sta,1
168467963.0,791643146.0,Sta,1
168467963.0,41596109.0,Sta,1
168467963.0,96042246.0,Machida,1
168467963.0,96042246.0,Sta,1
168467963.0,105546083.0,Sta,1
168467963.0,2361073248.0,Sta,1
168467963.0,265682901.0,Sta,1
168467963.0,163862538.0,Sta,1
168467963.0,54104257.0,Sta,1
168467963.0,609098157.0,Sta,1
168467963.0,41519781.0,Sta,1
168467963.0,126251210.0,Sta,1
168467963.0,3967047372.0,Sta,1
168467963.0,1516188721.0,Sta,1
168467963.0,2403023857.0,Sta,1
168467963.0,193213839.0,Sta,1
168467963.0,78601488.0,Sta,1
95909359.0,6386322.0,Sta,1
95909359.0,176081290.0,Sta,1
95909359.0,158805096.0,Sta,1
95909359.0,99653640.0,Sta,1
95909359.0,480214676.0,Sta,1
95909359.0,480214676.0,Sta,1
95909359.0,178672671.0,Sta,1
95909359.0,44629928.0,Sta,1
95909359.0,200438486.0,Sta,1
95909359.0,189583155.0,Sta,1
95909359.0,189583155.0,Sta,1
95909359.0,181423154.0,Sta,1
95909359.0,62775472.0,Sta,1
95909359.0,1885869060.0,Sta,1
95909359.0,1798912051.0,Sta,1
95909359.0,791643146.0,Sta,1
95909359.0,41596109.0,Sta,1
95909359.0,96042246.0,Sta,1
95909359.0,105546083.0,Sta,1
95909359.0,2361073248.0,Sta,1
95909359.0,265682901.0,Sta,1
95909359.0,163862538.0,Sta,1
95909359.0,54104257.0,Sta,1
95909359.0,609098157.0,Sta,1
95909359.0,41519781.0,Sta,1
95909359.0,126251210.0,Sta,1
95909359.0,3967047372.0,Sta,1
95909359.0,1516188721.0,Sta,1
95909359.0,2403023857.0,Sta,1
95909359.0,193213839.0,Sta,1
95909359.0,78601488.0,Sta,1
1335613789.0,480214676.0,Shinjuku,1
1335613789.0,480214676.0,Shinjuku,1
1335613789.0,480214676.0,Shinjuku,1
1335613789.0,41596109.0,M,1
1335613789.0,54104257.0,Shinjuku,1
1035918655.0,158805096.0,Koto,1
1035918655.0,505416380.0,Tokyo,1
1035918655.0,19515882.0,Tokyo,1
1035918655.0,181423154.0,Tokyo,1
1035918655.0,485007946.0,Tokyo,1
1035918655.0,60498895.0,Tokyo,1
1035918655.0,96042246.0,Tokyo,1
1035918655.0,163862538.0,Koto,1
1035918655.0,163862538.0,Koto,1
6386322.0,176081290.0,Sta,1
6386322.0,158805096.0,Sta,1
6386322.0,99653640.0,Sta,1
6386322.0,480214676.0,Sta,1
6386322.0,480214676.0,Sta,1
6386322.0,178672671.0,Sta,1
6386322.0,44629928.0,Sta,1
6386322.0,200438486.0,Sta,1
6386322.0,189583155.0,Sta,1
6386322.0,189583155.0,Sta,1
6386322.0,181423154.0,Sta,1
6386322.0,62775472.0,Sta,1
6386322.0,1885869060.0,Sta,1
6386322.0,1798912051.0,Sta,1
6386322.0,791643146.0,Sta,1
6386322.0,41596109.0,Sta,1
6386322.0,96042246.0,Sta,1
6386322.0,105546083.0,Sta,1
6386322.0,2361073248.0,Sta,1
6386322.0,265682901.0,Sta,1
6386322.0,163862538.0,Sta,1
6386322.0,54104257.0,Sta,1
6386322.0,609098157.0,Sta,1
6386322.0,41519781.0,Sta,1
6386322.0,126251210.0,Sta,1
6386322.0,3967047372.0,Sta,1
6386322.0,1516188721.0,Sta,1
6386322.0,2403023857.0,Sta,1
6386322.0,193213839.0,Sta,1
6386322.0,78601488.0,Sta,1
176081290.0,158805096.0,Sta,1
176081290.0,99653640.0,Sta,1
176081290.0,480214676.0,Sta,1
176081290.0,480214676.0,Sta,1
176081290.0,178672671.0,Sta,1
176081290.0,44629928.0,Sta,1
176081290.0,200438486.0,Sta,1
176081290.0,189583155.0,Sta,1
176081290.0,189583155.0,Sta,1
176081290.0,181423154.0,Sta,1
176081290.0,62775472.0,Sta,1
176081290.0,1885869060.0,Sta,1
176081290.0,1798912051.0,Sta,1
176081290.0,791643146.0,Sta,1
176081290.0,41596109.0,Sta,1
176081290.0,96042246.0,Sta,1
176081290.0,105546083.0,Sta,1
176081290.0,2361073248.0,Sta,1
176081290.0,265682901.0,Sta,1
176081290.0,163862538.0,Sta,1
176081290.0,54104257.0,Sta,1
176081290.0,609098157.0,Sta,1
176081290.0,41519781.0,Sta,1
176081290.0,126251210.0,Sta,1
176081290.0,3967047372.0,Sta,1
176081290.0,1516188721.0,Sta,1
176081290.0,2403023857.0,Sta,1
176081290.0,193213839.0,Sta,1
176081290.0,78601488.0,Sta,1
354263529.0,3105147968.0,Chiyoda,1
158805096.0,99653640.0,Sta,1
158805096.0,480214676.0,Sta,1
158805096.0,480214676.0,Sta,1
158805096.0,178672671.0,Sta,1
158805096.0,44629928.0,Sta,1
158805096.0,200438486.0,Sta,1
158805096.0,189583155.0,Sta,1
158805096.0,189583155.0,Sta,1
158805096.0,181423154.0,Sta,1
158805096.0,62775472.0,Sta,1
158805096.0,1885869060.0,Sta,1
158805096.0,1798912051.0,Sta,1
158805096.0,791643146.0,Sta,1
158805096.0,41596109.0,Sta,1
158805096.0,96042246.0,Sta,1
158805096.0,105546083.0,Sta,1
158805096.0,2361073248.0,Sta,1
158805096.0,265682901.0,Sta,1
158805096.0,163862538.0,Toyosu,1
158805096.0,163862538.0,Sta,1
158805096.0,163862538.0,Koto,1
158805096.0,163862538.0,Koto,1
158805096.0,54104257.0,Sta,1
158805096.0,609098157.0,Sta,1
158805096.0,41519781.0,Sta,1
158805096.0,126251210.0,Sta,1
158805096.0,3967047372.0,Sta,1
158805096.0,1516188721.0,Sta,1
158805096.0,2403023857.0,Sta,1
158805096.0,193213839.0,Sta,1
158805096.0,78601488.0,Sta,1
133139771.0,486672623.0,Station,1
505416380.0,19515882.0,Tokyo,1
505416380.0,181423154.0,Tokyo,1
505416380.0,485007946.0,Tokyo,1
505416380.0,60498895.0,Tokyo,1
505416380.0,96042246.0,Tokyo,1
99653640.0,480214676.0,Sta,1
99653640.0,480214676.0,Sta,1
99653640.0,178672671.0,Sta,1
99653640.0,44629928.0,Sta,1
99653640.0,200438486.0,Sta,1
99653640.0,189583155.0,Sta,1
99653640.0,189583155.0,Sta,1
99653640.0,181423154.0,Sta,1
99653640.0,62775472.0,Sta,1
99653640.0,1885869060.0,Sta,1
99653640.0,1798912051.0,Sta,1
99653640.0,791643146.0,Sta,1
99653640.0,41596109.0,Sta,1
99653640.0,96042246.0,Sta,1
99653640.0,105546083.0,Sta,1
99653640.0,2361073248.0,Sta,1
99653640.0,265682901.0,Sta,1
99653640.0,163862538.0,Sta,1
99653640.0,54104257.0,Sta,1
99653640.0,609098157.0,Sta,1
99653640.0,41519781.0,Sta,1
99653640.0,126251210.0,Sta,1
99653640.0,3967047372.0,Sta,1
99653640.0,1516188721.0,Sta,1
99653640.0,2403023857.0,Sta,1
99653640.0,193213839.0,Sta,1
99653640.0,78601488.0,Sta,1
480214676.0,480214676.0,Shinjuku,1
480214676.0,480214676.0,Shinjuku,1
480214676.0,54104257.0,Shinjuku,1
19515882.0,181423154.0,Tokyo,1
19515882.0,485007946.0,Tokyo,1
19515882.0,60498895.0,Tokyo,1
19515882.0,96042246.0,Tokyo,1
480214676.0,480214676.0,Shinjuku,1
480214676.0,480214676.0,Sta,1
480214676.0,178672671.0,Sta,1
480214676.0,44629928.0,Sta,1
480214676.0,200438486.0,Sta,1
480214676.0,189583155.0,Sta,1
480214676.0,189583155.0,Sta,1
480214676.0,181423154.0,Sta,1
480214676.0,62775472.0,Sta,1
480214676.0,1885869060.0,Sta,1
480214676.0,1798912051.0,Sta,1
480214676.0,791643146.0,Sta,1
480214676.0,41596109.0,Sta,1
480214676.0,96042246.0,Sta,1
480214676.0,105546083.0,Sta,1
480214676.0,2361073248.0,Sta,1
480214676.0,265682901.0,Sta,1
480214676.0,163862538.0,Sta,1
480214676.0,54104257.0,Shinjuku,1
480214676.0,54104257.0,Sta,1
480214676.0,609098157.0,Sta,1
480214676.0,41519781.0,Sta,1
480214676.0,126251210.0,Sta,1
480214676.0,3967047372.0,Sta,1
480214676.0,1516188721.0,Sta,1
480214676.0,2403023857.0,Sta,1
480214676.0,193213839.0,Sta,1
480214676.0,78601488.0,Sta,1
480214676.0,178672671.0,Sta,1
480214676.0,44629928.0,Sta,1
480214676.0,200438486.0,Sta,1
480214676.0,189583155.0,Sta,1
480214676.0,189583155.0,Sta,1
480214676.0,181423154.0,Sta,1
480214676.0,62775472.0,Sta,1
480214676.0,1885869060.0,Sta,1
480214676.0,1798912051.0,Sta,1
480214676.0,791643146.0,Sta,1
480214676.0,41596109.0,Sta,1
480214676.0,96042246.0,Sta,1
480214676.0,105546083.0,Sta,1
480214676.0,2361073248.0,Sta,1
480214676.0,265682901.0,Sta,1
480214676.0,163862538.0,Sta,1
480214676.0,54104257.0,Shinjuku,1
480214676.0,54104257.0,Sta,1
480214676.0,609098157.0,Sta,1
480214676.0,41519781.0,Sta,1
480214676.0,126251210.0,Sta,1
480214676.0,3967047372.0,Sta,1
480214676.0,1516188721.0,Sta,1
480214676.0,2403023857.0,Sta,1
480214676.0,193213839.0,Sta,1
480214676.0,78601488.0,Sta,1
178672671.0,44629928.0,Sta,1
178672671.0,200438486.0,Sta,1
178672671.0,189583155.0,Sta,1
178672671.0,189583155.0,Sta,1
178672671.0,181423154.0,Sta,1
178672671.0,62775472.0,Sta,1
178672671.0,1885869060.0,Sta,1
178672671.0,1798912051.0,Sta,1
178672671.0,791643146.0,Sta,1
178672671.0,41596109.0,Sta,1
178672671.0,96042246.0,Sta,1
178672671.0,105546083.0,Sta,1
178672671.0,2361073248.0,Sta,1
178672671.0,265682901.0,Sta,1
178672671.0,163862538.0,Sta,1
178672671.0,54104257.0,Sta,1
178672671.0,609098157.0,Sta,1
178672671.0,41519781.0,Sta,1
178672671.0,126251210.0,Sta,1
178672671.0,3967047372.0,Sta,1
178672671.0,1516188721.0,Sta,1
178672671.0,2403023857.0,Sta,1
178672671.0,193213839.0,Sta,1
178672671.0,178672671.0,A,1
178672671.0,78601488.0,Sta,1
44629928.0,200438486.0,Sta,1
44629928.0,189583155.0,Sta,1
44629928.0,189583155.0,Sta,1
44629928.0,181423154.0,Sta,1
44629928.0,62775472.0,Sta,1
44629928.0,1885869060.0,Yokohama,1
44629928.0,1885869060.0,Sta,1
44629928.0,1798912051.0,Sta,1
44629928.0,791643146.0,Sta,1
44629928.0,41596109.0,Sta,1
44629928.0,96042246.0,Sta,1
44629928.0,105546083.0,Sta,1
44629928.0,2361073248.0,Yokohama,1
44629928.0,2361073248.0,Sta,1
44629928.0,265682901.0,Sta,1
44629928.0,163862538.0,Sta,1
44629928.0,2361073248.0,Yokohama,1
44629928.0,54104257.0,Sta,1
44629928.0,609098157.0,Sta,1
44629928.0,41519781.0,Sta,1
44629928.0,126251210.0,Sta,1
44629928.0,3967047372.0,Sta,1
44629928.0,1516188721.0,Sta,1
44629928.0,2403023857.0,Sta,1
44629928.0,193213839.0,Sta,1
44629928.0,78601488.0,Sta,1
200438486.0,189583155.0,Sta,1
200438486.0,189583155.0,Sta,1
200438486.0,181423154.0,Sta,1
200438486.0,62775472.0,Sta,1
200438486.0,1885869060.0,Sta,1
200438486.0,1798912051.0,Sta,1
200438486.0,791643146.0,Sta,1
200438486.0,41596109.0,Sta,1
200438486.0,96042246.0,Machida,1
200438486.0,96042246.0,Sta,1
200438486.0,105546083.0,Sta,1
200438486.0,2361073248.0,Sta,1
200438486.0,265682901.0,Sta,1
200438486.0,163862538.0,Sta,1
200438486.0,54104257.0,Sta,1
200438486.0,609098157.0,Sta,1
200438486.0,41519781.0,Sta,1
200438486.0,126251210.0,Sta,1
200438486.0,3967047372.0,Sta,1
200438486.0,1516188721.0,Sta,1
200438486.0,2403023857.0,Sta,1
200438486.0,193213839.0,Sta,1
200438486.0,78601488.0,Sta,1
189583155.0,189583155.0,Sta,1
189583155.0,181423154.0,Sta,1
189583155.0,62775472.0,Sta,1
189583155.0,1885869060.0,Sta,1
189583155.0,1798912051.0,Sta,1
189583155.0,791643146.0,Sta,1
189583155.0,41596109.0,Sta,1
189583155.0,96042246.0,Sta,1
189583155.0,105546083.0,Sta,1
189583155.0,2361073248.0,Sta,1
189583155.0,265682901.0,Sta,1
189583155.0,163862538.0,Sta,1
189583155.0,54104257.0,Sta,1
189583155.0,609098157.0,Sta,1
189583155.0,41519781.0,Sta,1
189583155.0,126251210.0,Nakano,1
189583155.0,126251210.0,Sta,1
189583155.0,3967047372.0,Sta,1
189583155.0,1516188721.0,Sta,1
189583155.0,2403023857.0,Sta,1
189583155.0,193213839.0,Sta,1
189583155.0,78601488.0,Sta,1
189583155.0,181423154.0,Sta,1
189583155.0,62775472.0,Sta,1
189583155.0,1885869060.0,Sta,1
189583155.0,1798912051.0,Sta,1
189583155.0,791643146.0,Sta,1
189583155.0,41596109.0,Sta,1
189583155.0,96042246.0,Sta,1
189583155.0,105546083.0,Sta,1
189583155.0,2361073248.0,Sta,1
189583155.0,265682901.0,Sta,1
189583155.0,163862538.0,Sta,1
189583155.0,54104257.0,Sta,1
189583155.0,609098157.0,Sta,1
189583155.0,41519781.0,Sta,1
189583155.0,126251210.0,Sta,1
189583155.0,3967047372.0,Sta,1
189583155.0,1516188721.0,Sta,1
189583155.0,2403023857.0,Sta,1
189583155.0,193213839.0,Sta,1
189583155.0,78601488.0,Sta,1
181423154.0,485007946.0,Tokyo,1
181423154.0,62775472.0,Sta,1
181423154.0,1885869060.0,Sta,1
181423154.0,1798912051.0,Sta,1
181423154.0,60498895.0,Tokyo,1
181423154.0,791643146.0,Sta,1
181423154.0,41596109.0,Sta,1
181423154.0,96042246.0,Sta,1
181423154.0,96042246.0,Tokyo,1
181423154.0,105546083.0,Sta,1
181423154.0,2361073248.0,Sta,1
181423154.0,265682901.0,Sta,1
181423154.0,163862538.0,Sta,1
181423154.0,54104257.0,Sta,1
181423154.0,609098157.0,Sta,1
181423154.0,41519781.0,Sta,1
181423154.0,126251210.0,Sta,1
181423154.0,3967047372.0,Sta,1
181423154.0,1516188721.0,Sta,1
181423154.0,2403023857.0,Sta,1
181423154.0,193213839.0,Sta,1
181423154.0,78601488.0,Sta,1
712289478.0,2361073248.0,JR,1
485007946.0,60498895.0,Tokyo,1
485007946.0,96042246.0,Tokyo,1
62775472.0,1885869060.0,Sta,1
62775472.0,1798912051.0,Sta,1
62775472.0,486672623.0,Kawasaki,1
62775472.0,791643146.0,Sta,1
62775472.0,41596109.0,Sta,1
62775472.0,96042246.0,Sta,1
62775472.0,105546083.0,Sta,1
62775472.0,2361073248.0,Sta,1
62775472.0,265682901.0,Sta,1
62775472.0,163862538.0,Sta,1
62775472.0,54104257.0,Sta,1
62775472.0,609098157.0,Sta,1
62775472.0,41519781.0,Sta,1
62775472.0,126251210.0,Sta,1
62775472.0,3967047372.0,Sta,1
62775472.0,1516188721.0,Sta,1
62775472.0,2403023857.0,Sta,1
62775472.0,193213839.0,Sta,1
62775472.0,78601488.0,Sta,1
1885869060.0,1798912051.0,Sta,1
1885869060.0,791643146.0,Sta,1
1885869060.0,41596109.0,Sta,1
1885869060.0,96042246.0,Sta,1
1885869060.0,105546083.0,Sta,1
1885869060.0,2361073248.0,Yokohama,1
1885869060.0,2361073248.0,Sta,1
1885869060.0,265682901.0,Sta,1
1885869060.0,163862538.0,Sta,1
1885869060.0,2361073248.0,Yokohama,1
1885869060.0,54104257.0,Sta,1
1885869060.0,609098157.0,Sta,1
1885869060.0,41519781.0,Sta,1
1885869060.0,126251210.0,Sta,1
1885869060.0,3967047372.0,Sta,1
1885869060.0,1516188721.0,Sta,1
1885869060.0,2403023857.0,Sta,1
1885869060.0,193213839.0,Sta,1
1885869060.0,78601488.0,Sta,1
1798912051.0,791643146.0,Sta,1
1798912051.0,41596109.0,Sta,1
1798912051.0,96042246.0,Sta,1
1798912051.0,105546083.0,Sta,1
1798912051.0,2361073248.0,Sta,1
1798912051.0,265682901.0,Sta,1
1798912051.0,163862538.0,Sta,1
1798912051.0,54104257.0,Sta,1
1798912051.0,609098157.0,Sta,1
1798912051.0,41519781.0,Sta,1
1798912051.0,126251210.0,Sta,1
1798912051.0,3967047372.0,Sta,1
1798912051.0,1516188721.0,Sta,1
1798912051.0,2403023857.0,Sta,1
1798912051.0,193213839.0,Sta,1
1798912051.0,78601488.0,Sta,1
60498895.0,96042246.0,Tokyo,1
60498895.0,82885382.0,#tokyo,1
791643146.0,41596109.0,Sta,1
791643146.0,96042246.0,Sta,1
791643146.0,105546083.0,Sta,1
791643146.0,2361073248.0,Sta,1
791643146.0,265682901.0,Sta,1
791643146.0,163862538.0,Sta,1
791643146.0,54104257.0,Sta,1
791643146.0,609098157.0,Sta,1
791643146.0,41519781.0,Sta,1
791643146.0,126251210.0,Sta,1
791643146.0,3967047372.0,Sta,1
791643146.0,1516188721.0,Sta,1
791643146.0,2403023857.0,Sta,1
791643146.0,193213839.0,Sta,1
791643146.0,78601488.0,Sta,1
41596109.0,96042246.0,Sta,1
41596109.0,105546083.0,Sta,1
41596109.0,2361073248.0,Sta,1
41596109.0,265682901.0,Sta,1
41596109.0,163862538.0,Sta,1
41596109.0,54104257.0,Sta,1
41596109.0,609098157.0,Sta,1
41596109.0,41519781.0,Sta,1
41596109.0,126251210.0,Sta,1
41596109.0,3967047372.0,Sta,1
41596109.0,1516188721.0,Sta,1
41596109.0,2403023857.0,Sta,1
41596109.0,193213839.0,Sta,1
41596109.0,78601488.0,Sta,1
96042246.0,105546083.0,Sta,1
96042246.0,2361073248.0,Sta,1
96042246.0,265682901.0,Sta,1
96042246.0,163862538.0,Sta,1
96042246.0,54104257.0,Sta,1
96042246.0,609098157.0,Sta,1
96042246.0,41519781.0,Sta,1
96042246.0,126251210.0,Sta,1
96042246.0,3967047372.0,Sta,1
96042246.0,1516188721.0,Sta,1
96042246.0,2403023857.0,Sta,1
96042246.0,193213839.0,Sta,1
96042246.0,78601488.0,Sta,1
105546083.0,2361073248.0,Sta,1
105546083.0,265682901.0,Sta,1
105546083.0,163862538.0,Sta,1
105546083.0,54104257.0,Sta,1
105546083.0,609098157.0,Sta,1
105546083.0,41519781.0,Sta,1
105546083.0,126251210.0,Sta,1
105546083.0,3967047372.0,Sta,1
105546083.0,1516188721.0,Sta,1
105546083.0,2403023857.0,Sta,1
105546083.0,193213839.0,Sta,1
105546083.0,78601488.0,Sta,1
2361073248.0,265682901.0,Sta,1
2361073248.0,163862538.0,Sta,1
2361073248.0,2361073248.0,Yokohama,1
2361073248.0,54104257.0,Sta,1
2361073248.0,609098157.0,Sta,1
2361073248.0,41519781.0,Sta,1
2361073248.0,126251210.0,Sta,1
2361073248.0,3967047372.0,Sta,1
2361073248.0,1516188721.0,Sta,1
2361073248.0,2403023857.0,Sta,1
2361073248.0,193213839.0,Sta,1
2361073248.0,78601488.0,Sta,1
265682901.0,163862538.0,Sta,1
265682901.0,54104257.0,Sta,1
265682901.0,609098157.0,Sta,1
265682901.0,41519781.0,Sta,1
265682901.0,126251210.0,Sta,1
265682901.0,3967047372.0,Sta,1
265682901.0,1516188721.0,Sta,1
265682901.0,2403023857.0,Sta,1
265682901.0,193213839.0,Sta,1
265682901.0,78601488.0,Sta,1
163862538.0,163862538.0,Koto,1
163862538.0,54104257.0,Sta,1
163862538.0,609098157.0,Sta,1
163862538.0,41519781.0,Sta,1
163862538.0,126251210.0,Sta,1
163862538.0,3967047372.0,Sta,1
163862538.0,1516188721.0,Sta,1
163862538.0,2403023857.0,Sta,1
163862538.0,193213839.0,Sta,1
163862538.0,78601488.0,Sta,1
163862538.0,78601488.0,Y,1
54104257.0,609098157.0,Sta,1
54104257.0,41519781.0,Sta,1
54104257.0,126251210.0,Sta,1
54104257.0,3967047372.0,Sta,1
54104257.0,1516188721.0,Sta,1
54104257.0,2403023857.0,Sta,1
54104257.0,193213839.0,Sta,1
54104257.0,78601488.0,Sta,1
609098157.0,41519781.0,Sta,1
609098157.0,126251210.0,Sta,1
609098157.0,3967047372.0,Sta,1
609098157.0,1516188721.0,Sta,1
609098157.0,2403023857.0,Sta,1
609098157.0,193213839.0,Sta,1
609098157.0,78601488.0,Sta,1
41519781.0,126251210.0,Sta,1
41519781.0,3967047372.0,Sta,1
41519781.0,1516188721.0,Sta,1
41519781.0,2403023857.0,Sta,1
41519781.0,193213839.0,Sta,1
41519781.0,78601488.0,Sta,1
126251210.0,3967047372.0,Sta,1
126251210.0,1516188721.0,Sta,1
126251210.0,2403023857.0,Sta,1
126251210.0,193213839.0,Sta,1
126251210.0,78601488.0,Sta,1
3967047372.0,1516188721.0,Sta,1
3967047372.0,2403023857.0,Sta,1
3967047372.0,193213839.0,Sta,1
3967047372.0,78601488.0,Sta,1
1516188721.0,2403023857.0,Sta,1
1516188721.0,193213839.0,Sta,1
1516188721.0,78601488.0,Sta,1
2403023857.0,193213839.0,Sta,1
2403023857.0,78601488.0,Sta,1
193213839.0,78601488.0,Sta,1
