UserID1,UserID2,KeyWord,DateTime,Frequency
152186327.0,81861754.0,#dubai,12:00 AM - 23 Feb 2016,1
152186327.0,81861754.0,#abudhabi,12:00 AM - 23 Feb 2016,1
152186327.0,2856517828.0,#abudhabi,12:00 AM - 23 Feb 2016,1
152186327.0,431718684.0,#abudhabi,12:00 AM - 23 Feb 2016,1
152186327.0,220075111.0,#abudhabi,12:00 AM - 23 Feb 2016,1
152186327.0,233603393.0,#abudhabi,12:00 AM - 23 Feb 2016,1
152186327.0,1338389648.0,#abudhabi,12:00 AM - 23 Feb 2016,1
152186327.0,19019803.0,#abudhabi,12:00 AM - 23 Feb 2016,1
3924741861.0,380885546.0,Dhabi,12:00 AM - 23 Feb 2016,1
3924741861.0,847597489.0,Dhabi,12:00 AM - 23 Feb 2016,1
3924741861.0,3924741861.0,Dhabi,12:00 AM - 23 Feb 2016,1
3924741861.0,3924741861.0,Centre,12:00 AM - 23 Feb 2016,1
3924741861.0,3924741861.0,Trade,12:00 AM - 23 Feb 2016,1
3924741861.0,3924741861.0,MALL,12:00 AM - 23 Feb 2016,1
3924741861.0,3924741861.0,WTC,12:00 AM - 23 Feb 2016,1
3924741861.0,3924741861.0,World,12:00 AM - 23 Feb 2016,1
3924741861.0,4809045142.0,Dhabi,12:00 AM - 23 Feb 2016,1
3924741861.0,48086249.0,Dhabi,12:00 AM - 23 Feb 2016,1
3924741861.0,705837259.0,Dhabi,12:00 AM - 23 Feb 2016,1
3924741861.0,15438696.0,Dhabi,12:00 AM - 23 Feb 2016,1
3924741861.0,523020082.0,Dhabi,12:00 AM - 23 Feb 2016,1
3924741861.0,3336921679.0,Dhabi,12:00 AM - 23 Feb 2016,1
3924741861.0,312398924.0,Dhabi,12:00 AM - 23 Feb 2016,1
3924741861.0,597363395.0,Dhabi,12:00 AM - 23 Feb 2016,1
3924741861.0,391557895.0,Dhabi,12:00 AM - 23 Feb 2016,1
3924741861.0,488978008.0,Dhabi,12:00 AM - 23 Feb 2016,1
3924741861.0,150618111.0,Dhabi,12:00 AM - 23 Feb 2016,1
3924741861.0,286892710.0,Dhabi,12:00 AM - 23 Feb 2016,1
3924741861.0,312398924.0,Dhabi,12:00 AM - 23 Feb 2016,1
3924741861.0,249777926.0,Dhabi,12:00 AM - 23 Feb 2016,1
3924741861.0,249777926.0,Dhabi,12:00 AM - 23 Feb 2016,1
3924741861.0,2453656771.0,Dhabi,12:00 AM - 23 Feb 2016,1
3924741861.0,21033096.0,Dhabi,12:00 AM - 23 Feb 2016,1
3924741861.0,300429074.0,Dhabi,12:00 AM - 23 Feb 2016,1
3924741861.0,391282188.0,World,12:00 AM - 23 Feb 2016,1
3924741861.0,391282188.0,Dhabi,12:00 AM - 23 Feb 2016,1
3924741861.0,391282188.0,Trade,12:00 AM - 23 Feb 2016,1
3924741861.0,4044833592.0,Dhabi,12:00 AM - 23 Feb 2016,1
3924741861.0,4044833592.0,Dhabi,12:00 AM - 23 Feb 2016,1
3924741861.0,81861754.0,#uae,12:00 AM - 23 Feb 2016,1
3924741861.0,248626141.0,Dhabi,12:00 AM - 23 Feb 2016,1
3924741861.0,220075111.0,Dhabi,12:00 AM - 23 Feb 2016,1
3924741861.0,277115591.0,Dhabi,12:00 AM - 23 Feb 2016,1
3924741861.0,1867738674.0,Dhabi,12:00 AM - 23 Feb 2016,1
3924741861.0,1531774699.0,Dhabi,12:00 AM - 23 Feb 2016,1
3924741861.0,454829072.0,Dhabi,12:00 AM - 23 Feb 2016,1
3924741861.0,1338389648.0,Dhabi,12:00 AM - 23 Feb 2016,1
3924741861.0,1338389648.0,#uae,12:00 AM - 23 Feb 2016,1
3924741861.0,1127752910.0,#uae,12:00 AM - 23 Feb 2016,1
3924741861.0,2453656771.0,Dhabi,12:00 AM - 23 Feb 2016,1
3924741861.0,19019803.0,#rain,12:00 AM - 23 Feb 2016,1
3924741861.0,19019803.0,#uae,12:00 AM - 23 Feb 2016,1
398345302.0,380885546.0,good,12:00 AM - 23 Feb 2016,1
398345302.0,3197562830.0,sleep,12:00 AM - 23 Feb 2016,1
398345302.0,220075111.0,#AbuDhabi,12:00 AM - 23 Feb 2016,1
398345302.0,118763512.0,morning,12:00 AM - 23 Feb 2016,1
398345302.0,312398924.0,#AbuDhabi,12:00 AM - 23 Feb 2016,1
380885546.0,847597489.0,Dhabi,12:00 AM - 23 Feb 2016,1
380885546.0,3924741861.0,Dhabi,12:00 AM - 23 Feb 2016,1
380885546.0,4809045142.0,United,12:00 AM - 23 Feb 2016,1
380885546.0,4809045142.0,Arab,12:00 AM - 23 Feb 2016,1
380885546.0,4809045142.0,Dhabi,12:00 AM - 23 Feb 2016,1
380885546.0,48086249.0,Dhabi,12:00 AM - 23 Feb 2016,1
380885546.0,705837259.0,Dhabi,12:00 AM - 23 Feb 2016,1
380885546.0,15438696.0,Dhabi,12:00 AM - 23 Feb 2016,1
380885546.0,523020082.0,United,12:00 AM - 23 Feb 2016,1
380885546.0,523020082.0,Arab,12:00 AM - 23 Feb 2016,1
380885546.0,523020082.0,Dhabi,12:00 AM - 23 Feb 2016,1
380885546.0,3336921679.0,United,12:00 AM - 23 Feb 2016,1
380885546.0,3336921679.0,Arab,12:00 AM - 23 Feb 2016,1
380885546.0,3336921679.0,Dhabi,12:00 AM - 23 Feb 2016,1
380885546.0,312398924.0,Dhabi,12:00 AM - 23 Feb 2016,1
380885546.0,597363395.0,Dhabi,12:00 AM - 23 Feb 2016,1
380885546.0,391557895.0,United,12:00 AM - 23 Feb 2016,1
380885546.0,391557895.0,Arab,12:00 AM - 23 Feb 2016,1
380885546.0,391557895.0,Dhabi,12:00 AM - 23 Feb 2016,1
380885546.0,488978008.0,Dhabi,12:00 AM - 23 Feb 2016,1
380885546.0,150618111.0,Dhabi,12:00 AM - 23 Feb 2016,1
380885546.0,286892710.0,Dhabi,12:00 AM - 23 Feb 2016,1
380885546.0,312398924.0,Dhabi,12:00 AM - 23 Feb 2016,1
380885546.0,249777926.0,Dhabi,12:00 AM - 23 Feb 2016,1
380885546.0,249777926.0,Dhabi,12:00 AM - 23 Feb 2016,1
380885546.0,2453656771.0,Dhabi,12:00 AM - 23 Feb 2016,1
380885546.0,21033096.0,Dhabi,12:00 AM - 23 Feb 2016,1
380885546.0,300429074.0,Dhabi,12:00 AM - 23 Feb 2016,1
380885546.0,391282188.0,Dhabi,12:00 AM - 23 Feb 2016,1
380885546.0,4044833592.0,Dhabi,12:00 AM - 23 Feb 2016,1
380885546.0,4044833592.0,Dhabi,12:00 AM - 23 Feb 2016,1
380885546.0,248626141.0,Dhabi,12:00 AM - 23 Feb 2016,1
380885546.0,220075111.0,Dhabi,12:00 AM - 23 Feb 2016,1
380885546.0,277115591.0,United,12:00 AM - 23 Feb 2016,1
380885546.0,277115591.0,Arab,12:00 AM - 23 Feb 2016,1
380885546.0,277115591.0,Dhabi,12:00 AM - 23 Feb 2016,1
380885546.0,1867738674.0,United,12:00 AM - 23 Feb 2016,1
380885546.0,1867738674.0,Dhabi,12:00 AM - 23 Feb 2016,1
380885546.0,1531774699.0,Dhabi,12:00 AM - 23 Feb 2016,1
380885546.0,454829072.0,Dhabi,12:00 AM - 23 Feb 2016,1
380885546.0,1338389648.0,Dhabi,12:00 AM - 23 Feb 2016,1
380885546.0,2453656771.0,Dhabi,12:00 AM - 23 Feb 2016,1
847597489.0,3924741861.0,Dhabi,12:00 AM - 23 Feb 2016,1
847597489.0,4809045142.0,Dhabi,12:00 AM - 23 Feb 2016,1
847597489.0,48086249.0,Dhabi,12:00 AM - 23 Feb 2016,1
847597489.0,705837259.0,Dhabi,12:00 AM - 23 Feb 2016,1
847597489.0,15438696.0,Dhabi,12:00 AM - 23 Feb 2016,1
847597489.0,523020082.0,Dhabi,12:00 AM - 23 Feb 2016,1
847597489.0,3336921679.0,Dhabi,12:00 AM - 23 Feb 2016,1
847597489.0,312398924.0,Dhabi,12:00 AM - 23 Feb 2016,1
847597489.0,597363395.0,Dhabi,12:00 AM - 23 Feb 2016,1
847597489.0,391557895.0,Dhabi,12:00 AM - 23 Feb 2016,1
847597489.0,488978008.0,Dhabi,12:00 AM - 23 Feb 2016,1
847597489.0,150618111.0,Dhabi,12:00 AM - 23 Feb 2016,1
847597489.0,286892710.0,Dhabi,12:00 AM - 23 Feb 2016,1
847597489.0,312398924.0,Dhabi,12:00 AM - 23 Feb 2016,1
847597489.0,249777926.0,Dhabi,12:00 AM - 23 Feb 2016,1
847597489.0,249777926.0,Dhabi,12:00 AM - 23 Feb 2016,1
847597489.0,2453656771.0,Dhabi,12:00 AM - 23 Feb 2016,1
847597489.0,21033096.0,Dhabi,12:00 AM - 23 Feb 2016,1
847597489.0,300429074.0,Dhabi,12:00 AM - 23 Feb 2016,1
847597489.0,391282188.0,Dhabi,12:00 AM - 23 Feb 2016,1
847597489.0,4044833592.0,Dhabi,12:00 AM - 23 Feb 2016,1
847597489.0,4044833592.0,Dhabi,12:00 AM - 23 Feb 2016,1
847597489.0,248626141.0,Dhabi,12:00 AM - 23 Feb 2016,1
847597489.0,220075111.0,Dhabi,12:00 AM - 23 Feb 2016,1
847597489.0,277115591.0,Dhabi,12:00 AM - 23 Feb 2016,1
847597489.0,1867738674.0,Dhabi,12:00 AM - 23 Feb 2016,1
847597489.0,1531774699.0,Dhabi,12:00 AM - 23 Feb 2016,1
847597489.0,454829072.0,Dhabi,12:00 AM - 23 Feb 2016,1
847597489.0,1338389648.0,Dhabi,12:00 AM - 23 Feb 2016,1
847597489.0,2453656771.0,Dhabi,12:00 AM - 23 Feb 2016,1
3924741861.0,4809045142.0,Dhabi,12:00 AM - 23 Feb 2016,2
3924741861.0,48086249.0,Dhabi,12:00 AM - 23 Feb 2016,2
3924741861.0,705837259.0,Dhabi,12:00 AM - 23 Feb 2016,2
3924741861.0,15438696.0,Dhabi,12:00 AM - 23 Feb 2016,2
3924741861.0,523020082.0,Dhabi,12:00 AM - 23 Feb 2016,2
3924741861.0,3336921679.0,Dhabi,12:00 AM - 23 Feb 2016,2
3924741861.0,312398924.0,Dhabi,12:00 AM - 23 Feb 2016,2
3924741861.0,597363395.0,Dhabi,12:00 AM - 23 Feb 2016,2
3924741861.0,391557895.0,Dhabi,12:00 AM - 23 Feb 2016,2
3924741861.0,488978008.0,Dhabi,12:00 AM - 23 Feb 2016,2
3924741861.0,150618111.0,Dhabi,12:00 AM - 23 Feb 2016,2
3924741861.0,286892710.0,Dhabi,12:00 AM - 23 Feb 2016,2
3924741861.0,312398924.0,Dhabi,12:00 AM - 23 Feb 2016,2
3924741861.0,249777926.0,Dhabi,12:00 AM - 23 Feb 2016,2
3924741861.0,249777926.0,Dhabi,12:00 AM - 23 Feb 2016,2
3924741861.0,2453656771.0,Dhabi,12:00 AM - 23 Feb 2016,2
3924741861.0,21033096.0,Dhabi,12:00 AM - 23 Feb 2016,2
3924741861.0,300429074.0,Dhabi,12:00 AM - 23 Feb 2016,2
3924741861.0,391282188.0,World,12:00 AM - 23 Feb 2016,1
3924741861.0,391282188.0,Dhabi,12:00 AM - 23 Feb 2016,2
3924741861.0,391282188.0,Trade,12:00 AM - 23 Feb 2016,1
3924741861.0,4044833592.0,Dhabi,12:00 AM - 23 Feb 2016,2
3924741861.0,4044833592.0,Dhabi,12:00 AM - 23 Feb 2016,2
3924741861.0,248626141.0,Dhabi,12:00 AM - 23 Feb 2016,2
3924741861.0,220075111.0,Dhabi,12:00 AM - 23 Feb 2016,2
3924741861.0,277115591.0,Dhabi,12:00 AM - 23 Feb 2016,2
3924741861.0,1867738674.0,Dhabi,12:00 AM - 23 Feb 2016,2
3924741861.0,1531774699.0,Dhabi,12:00 AM - 23 Feb 2016,2
3924741861.0,454829072.0,Dhabi,12:00 AM - 23 Feb 2016,2
3924741861.0,1338389648.0,Dhabi,12:00 AM - 23 Feb 2016,2
3924741861.0,2453656771.0,Dhabi,12:00 AM - 23 Feb 2016,2
202150622.0,54348099.0,there,12:00 AM - 23 Feb 2016,1
4809045142.0,48086249.0,Dhabi,12:00 AM - 23 Feb 2016,1
4809045142.0,705837259.0,Dhabi,12:00 AM - 23 Feb 2016,1
4809045142.0,15438696.0,Dhabi,12:00 AM - 23 Feb 2016,1
4809045142.0,523020082.0,United,12:00 AM - 23 Feb 2016,1
4809045142.0,523020082.0,Arab,12:00 AM - 23 Feb 2016,1
4809045142.0,523020082.0,Dhabi,12:00 AM - 23 Feb 2016,1
4809045142.0,523020082.0,Emirates,12:00 AM - 23 Feb 2016,1
4809045142.0,3336921679.0,United,12:00 AM - 23 Feb 2016,1
4809045142.0,3336921679.0,Arab,12:00 AM - 23 Feb 2016,1
4809045142.0,3336921679.0,Dhabi,12:00 AM - 23 Feb 2016,1
4809045142.0,3336921679.0,Emirates,12:00 AM - 23 Feb 2016,1
4809045142.0,312398924.0,Dhabi,12:00 AM - 23 Feb 2016,1
4809045142.0,597363395.0,Dhabi,12:00 AM - 23 Feb 2016,1
4809045142.0,391557895.0,United,12:00 AM - 23 Feb 2016,1
4809045142.0,391557895.0,Arab,12:00 AM - 23 Feb 2016,1
4809045142.0,391557895.0,Dhabi,12:00 AM - 23 Feb 2016,1
4809045142.0,391557895.0,Emirates,12:00 AM - 23 Feb 2016,1
4809045142.0,488978008.0,Dhabi,12:00 AM - 23 Feb 2016,1
4809045142.0,150618111.0,Dhabi,12:00 AM - 23 Feb 2016,1
4809045142.0,286892710.0,Dhabi,12:00 AM - 23 Feb 2016,1
4809045142.0,312398924.0,Dhabi,12:00 AM - 23 Feb 2016,1
4809045142.0,249777926.0,Dhabi,12:00 AM - 23 Feb 2016,1
4809045142.0,249777926.0,Dhabi,12:00 AM - 23 Feb 2016,1
4809045142.0,2453656771.0,Dhabi,12:00 AM - 23 Feb 2016,1
4809045142.0,21033096.0,Dhabi,12:00 AM - 23 Feb 2016,1
4809045142.0,300429074.0,Dhabi,12:00 AM - 23 Feb 2016,1
4809045142.0,391282188.0,Dhabi,12:00 AM - 23 Feb 2016,1
4809045142.0,4044833592.0,Dhabi,12:00 AM - 23 Feb 2016,1
4809045142.0,4044833592.0,Dhabi,12:00 AM - 23 Feb 2016,1
4809045142.0,248626141.0,Dhabi,12:00 AM - 23 Feb 2016,1
4809045142.0,2684296932.0,Emirates,12:00 AM - 23 Feb 2016,1
4809045142.0,220075111.0,Dhabi,12:00 AM - 23 Feb 2016,1
4809045142.0,277115591.0,United,12:00 AM - 23 Feb 2016,1
4809045142.0,277115591.0,Arab,12:00 AM - 23 Feb 2016,1
4809045142.0,277115591.0,Dhabi,12:00 AM - 23 Feb 2016,1
4809045142.0,1867738674.0,United,12:00 AM - 23 Feb 2016,1
4809045142.0,1867738674.0,Dhabi,12:00 AM - 23 Feb 2016,1
4809045142.0,1531774699.0,Dhabi,12:00 AM - 23 Feb 2016,1
4809045142.0,454829072.0,Dhabi,12:00 AM - 23 Feb 2016,1
4809045142.0,1338389648.0,Dhabi,12:00 AM - 23 Feb 2016,1
4809045142.0,2453656771.0,Dhabi,12:00 AM - 23 Feb 2016,1
971376415.0,3336921679.0,photo,12:00 AM - 23 Feb 2016,1
971376415.0,3336921679.0,Just,12:00 AM - 23 Feb 2016,1
971376415.0,3336921679.0,posted,12:00 AM - 23 Feb 2016,1
971376415.0,101428813.0,photo,12:00 AM - 23 Feb 2016,1
971376415.0,101428813.0,Just,12:00 AM - 23 Feb 2016,1
971376415.0,101428813.0,posted,12:00 AM - 23 Feb 2016,1
971376415.0,300429074.0,photo,12:00 AM - 23 Feb 2016,1
971376415.0,300429074.0,Just,12:00 AM - 23 Feb 2016,1
971376415.0,300429074.0,posted,12:00 AM - 23 Feb 2016,1
971376415.0,1565933497.0,photo,12:00 AM - 23 Feb 2016,1
971376415.0,1565933497.0,Just,12:00 AM - 23 Feb 2016,1
971376415.0,1565933497.0,posted,12:00 AM - 23 Feb 2016,1
971376415.0,220075111.0,Just,12:00 AM - 23 Feb 2016,1
971376415.0,347889518.0,photo,12:00 AM - 23 Feb 2016,1
48086249.0,705837259.0,Dhabi,12:00 AM - 23 Feb 2016,2
48086249.0,15438696.0,International,12:00 AM - 23 Feb 2016,1
48086249.0,15438696.0,Airport,12:00 AM - 23 Feb 2016,1
48086249.0,15438696.0,Dhabi,12:00 AM - 23 Feb 2016,2
48086249.0,15438696.0,AUH,12:00 AM - 23 Feb 2016,1
48086249.0,523020082.0,Dhabi,12:00 AM - 23 Feb 2016,2
48086249.0,3336921679.0,Dhabi,12:00 AM - 23 Feb 2016,2
48086249.0,312398924.0,Dhabi,12:00 AM - 23 Feb 2016,2
48086249.0,597363395.0,Dhabi,12:00 AM - 23 Feb 2016,2
48086249.0,391557895.0,Dhabi,12:00 AM - 23 Feb 2016,2
48086249.0,488978008.0,Dhabi,12:00 AM - 23 Feb 2016,2
48086249.0,150618111.0,International,12:00 AM - 23 Feb 2016,1
48086249.0,150618111.0,Airport,12:00 AM - 23 Feb 2016,1
48086249.0,150618111.0,Dhabi,12:00 AM - 23 Feb 2016,2
48086249.0,286892710.0,Dhabi,12:00 AM - 23 Feb 2016,2
48086249.0,312398924.0,Dhabi,12:00 AM - 23 Feb 2016,2
48086249.0,249777926.0,Dhabi,12:00 AM - 23 Feb 2016,2
48086249.0,249777926.0,Dhabi,12:00 AM - 23 Feb 2016,2
48086249.0,2453656771.0,Dhabi,12:00 AM - 23 Feb 2016,2
48086249.0,21033096.0,Dhabi,12:00 AM - 23 Feb 2016,2
48086249.0,300429074.0,Dhabi,12:00 AM - 23 Feb 2016,2
48086249.0,391282188.0,Dhabi,12:00 AM - 23 Feb 2016,2
48086249.0,4044833592.0,Dhabi,12:00 AM - 23 Feb 2016,2
48086249.0,4044833592.0,Dhabi,12:00 AM - 23 Feb 2016,2
48086249.0,248626141.0,Dhabi,12:00 AM - 23 Feb 2016,2
48086249.0,220075111.0,International,12:00 AM - 23 Feb 2016,1
48086249.0,220075111.0,Airport,12:00 AM - 23 Feb 2016,1
48086249.0,220075111.0,Dhabi,12:00 AM - 23 Feb 2016,2
48086249.0,277115591.0,Dhabi,12:00 AM - 23 Feb 2016,2
48086249.0,1867738674.0,Dhabi,12:00 AM - 23 Feb 2016,2
48086249.0,1531774699.0,Dhabi,12:00 AM - 23 Feb 2016,2
48086249.0,454829072.0,Dhabi,12:00 AM - 23 Feb 2016,2
48086249.0,1338389648.0,Dhabi,12:00 AM - 23 Feb 2016,2
48086249.0,2453656771.0,Dhabi,12:00 AM - 23 Feb 2016,2
233047263.0,21078125.0,Dubai,12:00 AM - 23 Feb 2016,1
233047263.0,249777926.0,Khalifa,12:00 AM - 23 Feb 2016,1
233047263.0,249777926.0,Khalifa,12:00 AM - 23 Feb 2016,1
233047263.0,38951171.0,just,12:00 AM - 23 Feb 2016,1
1572894900.0,1565933497.0,Marina,12:00 AM - 23 Feb 2016,1
1572894900.0,2856517828.0,#entertainment,12:00 AM - 23 Feb 2016,1
705837259.0,220075111.0,Hotel,12:00 AM - 23 Feb 2016,1
705837259.0,15438696.0,Dhabi,12:00 AM - 23 Feb 2016,1
705837259.0,523020082.0,Dhabi,12:00 AM - 23 Feb 2016,1
705837259.0,3336921679.0,Dhabi,12:00 AM - 23 Feb 2016,1
705837259.0,312398924.0,Hotel,12:00 AM - 23 Feb 2016,1
705837259.0,312398924.0,Dhabi,12:00 AM - 23 Feb 2016,1
705837259.0,597363395.0,Dhabi,12:00 AM - 23 Feb 2016,1
705837259.0,391557895.0,Dhabi,12:00 AM - 23 Feb 2016,1
705837259.0,488978008.0,Dhabi,12:00 AM - 23 Feb 2016,1
705837259.0,150618111.0,Dhabi,12:00 AM - 23 Feb 2016,1
705837259.0,286892710.0,Dhabi,12:00 AM - 23 Feb 2016,1
705837259.0,312398924.0,Dhabi,12:00 AM - 23 Feb 2016,1
705837259.0,249777926.0,Dhabi,12:00 AM - 23 Feb 2016,1
705837259.0,249777926.0,Dhabi,12:00 AM - 23 Feb 2016,1
705837259.0,2453656771.0,Dhabi,12:00 AM - 23 Feb 2016,1
705837259.0,21033096.0,Dhabi,12:00 AM - 23 Feb 2016,1
705837259.0,300429074.0,Dhabi,12:00 AM - 23 Feb 2016,1
705837259.0,391282188.0,Dhabi,12:00 AM - 23 Feb 2016,1
705837259.0,4044833592.0,Dhabi,12:00 AM - 23 Feb 2016,1
705837259.0,4044833592.0,Dhabi,12:00 AM - 23 Feb 2016,1
705837259.0,248626141.0,Dhabi,12:00 AM - 23 Feb 2016,1
705837259.0,220075111.0,Dhabi,12:00 AM - 23 Feb 2016,1
705837259.0,277115591.0,Dhabi,12:00 AM - 23 Feb 2016,1
705837259.0,1867738674.0,Dhabi,12:00 AM - 23 Feb 2016,1
705837259.0,1531774699.0,Hotel,12:00 AM - 23 Feb 2016,1
705837259.0,1531774699.0,Dhabi,12:00 AM - 23 Feb 2016,1
705837259.0,454829072.0,Dhabi,12:00 AM - 23 Feb 2016,1
705837259.0,1338389648.0,Dhabi,12:00 AM - 23 Feb 2016,1
705837259.0,2453656771.0,Dhabi,12:00 AM - 23 Feb 2016,1
3197562830.0,248606587.0,Make,12:00 AM - 23 Feb 2016,1
220075111.0,312398924.0,Hotel,12:00 AM - 23 Feb 2016,1
220075111.0,312398924.0,#AbuDhabi,12:00 AM - 23 Feb 2016,1
220075111.0,1531774699.0,Hotel,12:00 AM - 23 Feb 2016,1
51321454.0,50652724.0,Thank,12:00 AM - 23 Feb 2016,1
42858263.0,101428813.0,Street,12:00 AM - 23 Feb 2016,1
15438696.0,523020082.0,Dhabi,12:00 AM - 23 Feb 2016,2
15438696.0,3336921679.0,Dhabi,12:00 AM - 23 Feb 2016,2
15438696.0,312398924.0,Dhabi,12:00 AM - 23 Feb 2016,2
15438696.0,597363395.0,Dhabi,12:00 AM - 23 Feb 2016,2
15438696.0,391557895.0,Dhabi,12:00 AM - 23 Feb 2016,2
15438696.0,488978008.0,Dhabi,12:00 AM - 23 Feb 2016,2
15438696.0,150618111.0,International,12:00 AM - 23 Feb 2016,1
15438696.0,150618111.0,Airport,12:00 AM - 23 Feb 2016,1
15438696.0,150618111.0,Dhabi,12:00 AM - 23 Feb 2016,2
15438696.0,286892710.0,Dhabi,12:00 AM - 23 Feb 2016,2
15438696.0,312398924.0,Dhabi,12:00 AM - 23 Feb 2016,2
15438696.0,249777926.0,Dhabi,12:00 AM - 23 Feb 2016,2
15438696.0,249777926.0,Dhabi,12:00 AM - 23 Feb 2016,2
15438696.0,2453656771.0,Dhabi,12:00 AM - 23 Feb 2016,2
15438696.0,21033096.0,Dhabi,12:00 AM - 23 Feb 2016,2
15438696.0,300429074.0,Dhabi,12:00 AM - 23 Feb 2016,2
15438696.0,391282188.0,Dhabi,12:00 AM - 23 Feb 2016,2
15438696.0,4044833592.0,Dhabi,12:00 AM - 23 Feb 2016,2
15438696.0,4044833592.0,Dhabi,12:00 AM - 23 Feb 2016,2
15438696.0,248626141.0,Dhabi,12:00 AM - 23 Feb 2016,2
15438696.0,220075111.0,International,12:00 AM - 23 Feb 2016,1
15438696.0,220075111.0,Airport,12:00 AM - 23 Feb 2016,1
15438696.0,220075111.0,Dhabi,12:00 AM - 23 Feb 2016,2
15438696.0,277115591.0,Dhabi,12:00 AM - 23 Feb 2016,2
15438696.0,1867738674.0,Dhabi,12:00 AM - 23 Feb 2016,2
15438696.0,1531774699.0,Dhabi,12:00 AM - 23 Feb 2016,2
15438696.0,454829072.0,Dhabi,12:00 AM - 23 Feb 2016,2
15438696.0,1338389648.0,Dhabi,12:00 AM - 23 Feb 2016,2
15438696.0,2453656771.0,Dhabi,12:00 AM - 23 Feb 2016,2
590322512.0,2870687215.0,time,12:00 AM - 23 Feb 2016,1
590322512.0,54348099.0,time,12:00 AM - 23 Feb 2016,1
590322512.0,38951171.0,time,12:00 AM - 23 Feb 2016,1
84635316.0,18880159.0,view,12:00 AM - 23 Feb 2016,1
84635316.0,312398924.0,Towers,12:00 AM - 23 Feb 2016,1
84635316.0,1267822722.0,with,12:00 AM - 23 Feb 2016,1
84635316.0,190906174.0,Cafe,12:00 AM - 23 Feb 2016,1
84635316.0,190906174.0,with,12:00 AM - 23 Feb 2016,1
84635316.0,2856517828.0,with,12:00 AM - 23 Feb 2016,1
84635316.0,765079081.0,with,12:00 AM - 23 Feb 2016,1
84635316.0,129628680.0,with,12:00 AM - 23 Feb 2016,1
84635316.0,35626984.0,with,12:00 AM - 23 Feb 2016,1
523020082.0,3336921679.0,United,12:00 AM - 23 Feb 2016,1
523020082.0,3336921679.0,Arab,12:00 AM - 23 Feb 2016,1
523020082.0,3336921679.0,Dhabi,12:00 AM - 23 Feb 2016,1
523020082.0,3336921679.0,Emirates,12:00 AM - 23 Feb 2016,1
523020082.0,312398924.0,Dhabi,12:00 AM - 23 Feb 2016,1
523020082.0,597363395.0,Dhabi,12:00 AM - 23 Feb 2016,1
523020082.0,391557895.0,United,12:00 AM - 23 Feb 2016,1
523020082.0,391557895.0,Arab,12:00 AM - 23 Feb 2016,1
523020082.0,391557895.0,Dhabi,12:00 AM - 23 Feb 2016,1
523020082.0,391557895.0,Emirates,12:00 AM - 23 Feb 2016,1
523020082.0,488978008.0,Dhabi,12:00 AM - 23 Feb 2016,1
523020082.0,150618111.0,Dhabi,12:00 AM - 23 Feb 2016,1
523020082.0,286892710.0,Dhabi,12:00 AM - 23 Feb 2016,1
523020082.0,312398924.0,Dhabi,12:00 AM - 23 Feb 2016,1
523020082.0,249777926.0,Dhabi,12:00 AM - 23 Feb 2016,1
523020082.0,249777926.0,Dhabi,12:00 AM - 23 Feb 2016,1
523020082.0,2453656771.0,Dhabi,12:00 AM - 23 Feb 2016,1
523020082.0,21033096.0,Dhabi,12:00 AM - 23 Feb 2016,1
523020082.0,300429074.0,Dhabi,12:00 AM - 23 Feb 2016,1
523020082.0,391282188.0,Dhabi,12:00 AM - 23 Feb 2016,1
523020082.0,4044833592.0,Dhabi,12:00 AM - 23 Feb 2016,1
523020082.0,4044833592.0,Dhabi,12:00 AM - 23 Feb 2016,1
523020082.0,248626141.0,Dhabi,12:00 AM - 23 Feb 2016,1
523020082.0,2684296932.0,Emirates,12:00 AM - 23 Feb 2016,1
523020082.0,220075111.0,Dhabi,12:00 AM - 23 Feb 2016,1
523020082.0,277115591.0,United,12:00 AM - 23 Feb 2016,1
523020082.0,277115591.0,Arab,12:00 AM - 23 Feb 2016,1
523020082.0,277115591.0,Dhabi,12:00 AM - 23 Feb 2016,1
523020082.0,1867738674.0,United,12:00 AM - 23 Feb 2016,1
523020082.0,1867738674.0,Dhabi,12:00 AM - 23 Feb 2016,1
523020082.0,1531774699.0,Dhabi,12:00 AM - 23 Feb 2016,1
523020082.0,454829072.0,Dhabi,12:00 AM - 23 Feb 2016,1
523020082.0,1338389648.0,Dhabi,12:00 AM - 23 Feb 2016,1
523020082.0,2453656771.0,Dhabi,12:00 AM - 23 Feb 2016,1
18880159.0,286892710.0,Abu,12:00 AM - 23 Feb 2016,1
18880159.0,81861754.0,#sunset,12:00 AM - 23 Feb 2016,1
18880159.0,19019803.0,#clouds,12:00 AM - 23 Feb 2016,1
3336921679.0,312398924.0,Dhabi,12:00 AM - 23 Feb 2016,1
3336921679.0,597363395.0,Dhabi,12:00 AM - 23 Feb 2016,1
3336921679.0,391557895.0,United,12:00 AM - 23 Feb 2016,1
3336921679.0,391557895.0,Arab,12:00 AM - 23 Feb 2016,1
3336921679.0,391557895.0,Dhabi,12:00 AM - 23 Feb 2016,1
3336921679.0,391557895.0,Emirates,12:00 AM - 23 Feb 2016,1
3336921679.0,488978008.0,Dhabi,12:00 AM - 23 Feb 2016,1
3336921679.0,150618111.0,Dhabi,12:00 AM - 23 Feb 2016,1
3336921679.0,286892710.0,Dhabi,12:00 AM - 23 Feb 2016,1
3336921679.0,101428813.0,photo,12:00 AM - 23 Feb 2016,1
3336921679.0,101428813.0,Just,12:00 AM - 23 Feb 2016,1
3336921679.0,101428813.0,posted,12:00 AM - 23 Feb 2016,1
3336921679.0,312398924.0,Dhabi,12:00 AM - 23 Feb 2016,1
3336921679.0,249777926.0,Dhabi,12:00 AM - 23 Feb 2016,1
3336921679.0,249777926.0,Dhabi,12:00 AM - 23 Feb 2016,1
3336921679.0,2453656771.0,Dhabi,12:00 AM - 23 Feb 2016,1
3336921679.0,21033096.0,Dhabi,12:00 AM - 23 Feb 2016,1
3336921679.0,300429074.0,photo,12:00 AM - 23 Feb 2016,1
3336921679.0,300429074.0,Dhabi,12:00 AM - 23 Feb 2016,1
3336921679.0,300429074.0,Just,12:00 AM - 23 Feb 2016,1
3336921679.0,300429074.0,posted,12:00 AM - 23 Feb 2016,1
3336921679.0,391282188.0,Dhabi,12:00 AM - 23 Feb 2016,1
3336921679.0,4044833592.0,Dhabi,12:00 AM - 23 Feb 2016,1
3336921679.0,4044833592.0,Dhabi,12:00 AM - 23 Feb 2016,1
3336921679.0,1565933497.0,photo,12:00 AM - 23 Feb 2016,1
3336921679.0,1565933497.0,Just,12:00 AM - 23 Feb 2016,1
3336921679.0,1565933497.0,posted,12:00 AM - 23 Feb 2016,1
3336921679.0,248626141.0,Dhabi,12:00 AM - 23 Feb 2016,1
3336921679.0,2684296932.0,Emirates,12:00 AM - 23 Feb 2016,1
3336921679.0,220075111.0,Dhabi,12:00 AM - 23 Feb 2016,1
3336921679.0,220075111.0,Just,12:00 AM - 23 Feb 2016,1
3336921679.0,347889518.0,photo,12:00 AM - 23 Feb 2016,1
3336921679.0,277115591.0,United,12:00 AM - 23 Feb 2016,1
3336921679.0,277115591.0,Arab,12:00 AM - 23 Feb 2016,1
3336921679.0,277115591.0,Dhabi,12:00 AM - 23 Feb 2016,1
3336921679.0,1867738674.0,United,12:00 AM - 23 Feb 2016,1
3336921679.0,1867738674.0,Dhabi,12:00 AM - 23 Feb 2016,1
3336921679.0,1531774699.0,Dhabi,12:00 AM - 23 Feb 2016,1
3336921679.0,454829072.0,Dhabi,12:00 AM - 23 Feb 2016,1
3336921679.0,1338389648.0,Dhabi,12:00 AM - 23 Feb 2016,1
3336921679.0,2453656771.0,Dhabi,12:00 AM - 23 Feb 2016,1
312398924.0,597363395.0,Dhabi,12:00 AM - 23 Feb 2016,1
312398924.0,391557895.0,Dhabi,12:00 AM - 23 Feb 2016,1
312398924.0,488978008.0,Dhabi,12:00 AM - 23 Feb 2016,1
312398924.0,150618111.0,Dhabi,12:00 AM - 23 Feb 2016,1
312398924.0,286892710.0,Dhabi,12:00 AM - 23 Feb 2016,1
312398924.0,312398924.0,Dhabi,12:00 AM - 23 Feb 2016,1
312398924.0,249777926.0,Dhabi,12:00 AM - 23 Feb 2016,1
312398924.0,249777926.0,Dhabi,12:00 AM - 23 Feb 2016,1
312398924.0,2453656771.0,Dhabi,12:00 AM - 23 Feb 2016,1
312398924.0,21033096.0,Dhabi,12:00 AM - 23 Feb 2016,1
312398924.0,300429074.0,Dhabi,12:00 AM - 23 Feb 2016,1
312398924.0,391282188.0,Dhabi,12:00 AM - 23 Feb 2016,1
312398924.0,4044833592.0,Dhabi,12:00 AM - 23 Feb 2016,1
312398924.0,4044833592.0,Dhabi,12:00 AM - 23 Feb 2016,1
312398924.0,248626141.0,Dhabi,12:00 AM - 23 Feb 2016,1
312398924.0,220075111.0,Dhabi,12:00 AM - 23 Feb 2016,1
312398924.0,277115591.0,Dhabi,12:00 AM - 23 Feb 2016,1
312398924.0,1867738674.0,Dhabi,12:00 AM - 23 Feb 2016,1
312398924.0,1531774699.0,Hotel,12:00 AM - 23 Feb 2016,1
312398924.0,1531774699.0,Dhabi,12:00 AM - 23 Feb 2016,1
312398924.0,454829072.0,Dhabi,12:00 AM - 23 Feb 2016,1
312398924.0,1338389648.0,Dhabi,12:00 AM - 23 Feb 2016,1
312398924.0,2453656771.0,Dhabi,12:00 AM - 23 Feb 2016,1
312398924.0,129628680.0,over,12:00 AM - 23 Feb 2016,1
597363395.0,391557895.0,Dhabi,12:00 AM - 23 Feb 2016,2
597363395.0,488978008.0,Dhabi,12:00 AM - 23 Feb 2016,2
597363395.0,150618111.0,Dhabi,12:00 AM - 23 Feb 2016,2
597363395.0,286892710.0,Dhabi,12:00 AM - 23 Feb 2016,2
597363395.0,312398924.0,Dhabi,12:00 AM - 23 Feb 2016,2
597363395.0,249777926.0,Dhabi,12:00 AM - 23 Feb 2016,2
597363395.0,249777926.0,Dhabi,12:00 AM - 23 Feb 2016,2
597363395.0,2453656771.0,Dhabi,12:00 AM - 23 Feb 2016,2
597363395.0,21033096.0,Dhabi,12:00 AM - 23 Feb 2016,2
597363395.0,300429074.0,Dhabi,12:00 AM - 23 Feb 2016,2
597363395.0,391282188.0,Dhabi,12:00 AM - 23 Feb 2016,2
597363395.0,4044833592.0,Dhabi,12:00 AM - 23 Feb 2016,2
597363395.0,4044833592.0,Dhabi,12:00 AM - 23 Feb 2016,2
597363395.0,248626141.0,Dhabi,12:00 AM - 23 Feb 2016,2
597363395.0,220075111.0,Dhabi,12:00 AM - 23 Feb 2016,2
597363395.0,277115591.0,Dhabi,12:00 AM - 23 Feb 2016,2
597363395.0,1867738674.0,Dhabi,12:00 AM - 23 Feb 2016,2
597363395.0,1531774699.0,Dhabi,12:00 AM - 23 Feb 2016,2
597363395.0,454829072.0,Dhabi,12:00 AM - 23 Feb 2016,2
597363395.0,1338389648.0,Dhabi,12:00 AM - 23 Feb 2016,2
597363395.0,2453656771.0,Dhabi,12:00 AM - 23 Feb 2016,2
391557895.0,488978008.0,Dhabi,12:00 AM - 23 Feb 2016,1
391557895.0,150618111.0,Dhabi,12:00 AM - 23 Feb 2016,1
391557895.0,286892710.0,Dhabi,12:00 AM - 23 Feb 2016,1
391557895.0,312398924.0,Dhabi,12:00 AM - 23 Feb 2016,1
391557895.0,249777926.0,Dhabi,12:00 AM - 23 Feb 2016,1
391557895.0,249777926.0,Dhabi,12:00 AM - 23 Feb 2016,1
391557895.0,2453656771.0,Dhabi,12:00 AM - 23 Feb 2016,1
391557895.0,21033096.0,Dhabi,12:00 AM - 23 Feb 2016,1
391557895.0,300429074.0,Dhabi,12:00 AM - 23 Feb 2016,1
391557895.0,391282188.0,Dhabi,12:00 AM - 23 Feb 2016,1
391557895.0,4044833592.0,Dhabi,12:00 AM - 23 Feb 2016,1
391557895.0,4044833592.0,Dhabi,12:00 AM - 23 Feb 2016,1
391557895.0,248626141.0,Dhabi,12:00 AM - 23 Feb 2016,1
391557895.0,2684296932.0,Emirates,12:00 AM - 23 Feb 2016,1
391557895.0,220075111.0,Dhabi,12:00 AM - 23 Feb 2016,1
391557895.0,277115591.0,United,12:00 AM - 23 Feb 2016,1
391557895.0,277115591.0,Arab,12:00 AM - 23 Feb 2016,1
391557895.0,277115591.0,Dhabi,12:00 AM - 23 Feb 2016,1
391557895.0,1867738674.0,United,12:00 AM - 23 Feb 2016,1
391557895.0,1867738674.0,Dhabi,12:00 AM - 23 Feb 2016,1
391557895.0,1531774699.0,Dhabi,12:00 AM - 23 Feb 2016,1
391557895.0,454829072.0,Dhabi,12:00 AM - 23 Feb 2016,1
391557895.0,1338389648.0,Dhabi,12:00 AM - 23 Feb 2016,1
391557895.0,2453656771.0,Dhabi,12:00 AM - 23 Feb 2016,1
488978008.0,150618111.0,Dhabi,12:00 AM - 23 Feb 2016,1
488978008.0,286892710.0,Dhabi,12:00 AM - 23 Feb 2016,1
488978008.0,312398924.0,Dhabi,12:00 AM - 23 Feb 2016,1
488978008.0,249777926.0,Dhabi,12:00 AM - 23 Feb 2016,1
488978008.0,249777926.0,Dhabi,12:00 AM - 23 Feb 2016,1
488978008.0,2453656771.0,Dhabi,12:00 AM - 23 Feb 2016,1
488978008.0,21033096.0,Dhabi,12:00 AM - 23 Feb 2016,1
488978008.0,300429074.0,Dhabi,12:00 AM - 23 Feb 2016,1
488978008.0,391282188.0,Dhabi,12:00 AM - 23 Feb 2016,1
488978008.0,4044833592.0,Dhabi,12:00 AM - 23 Feb 2016,1
488978008.0,4044833592.0,Dhabi,12:00 AM - 23 Feb 2016,1
488978008.0,248626141.0,Dhabi,12:00 AM - 23 Feb 2016,1
488978008.0,220075111.0,Dhabi,12:00 AM - 23 Feb 2016,1
488978008.0,277115591.0,Dhabi,12:00 AM - 23 Feb 2016,1
488978008.0,1867738674.0,Dhabi,12:00 AM - 23 Feb 2016,1
488978008.0,1531774699.0,Dhabi,12:00 AM - 23 Feb 2016,1
488978008.0,454829072.0,Dhabi,12:00 AM - 23 Feb 2016,1
488978008.0,1338389648.0,Dhabi,12:00 AM - 23 Feb 2016,1
488978008.0,2453656771.0,Dhabi,12:00 AM - 23 Feb 2016,1
150618111.0,286892710.0,Dhabi,12:00 AM - 23 Feb 2016,1
150618111.0,312398924.0,Dhabi,12:00 AM - 23 Feb 2016,1
150618111.0,249777926.0,Dhabi,12:00 AM - 23 Feb 2016,1
150618111.0,249777926.0,Dhabi,12:00 AM - 23 Feb 2016,1
150618111.0,2453656771.0,Dhabi,12:00 AM - 23 Feb 2016,1
150618111.0,21033096.0,Dhabi,12:00 AM - 23 Feb 2016,1
150618111.0,300429074.0,Dhabi,12:00 AM - 23 Feb 2016,1
150618111.0,391282188.0,Dhabi,12:00 AM - 23 Feb 2016,1
150618111.0,4044833592.0,Dhabi,12:00 AM - 23 Feb 2016,1
150618111.0,4044833592.0,Dhabi,12:00 AM - 23 Feb 2016,1
150618111.0,248626141.0,Dhabi,12:00 AM - 23 Feb 2016,1
150618111.0,220075111.0,International,12:00 AM - 23 Feb 2016,1
150618111.0,220075111.0,Airport,12:00 AM - 23 Feb 2016,1
150618111.0,220075111.0,Dhabi,12:00 AM - 23 Feb 2016,1
150618111.0,277115591.0,Dhabi,12:00 AM - 23 Feb 2016,1
150618111.0,1867738674.0,Dhabi,12:00 AM - 23 Feb 2016,1
150618111.0,1531774699.0,Dhabi,12:00 AM - 23 Feb 2016,1
150618111.0,454829072.0,Dhabi,12:00 AM - 23 Feb 2016,1
150618111.0,1338389648.0,Dhabi,12:00 AM - 23 Feb 2016,1
150618111.0,2453656771.0,Dhabi,12:00 AM - 23 Feb 2016,1
286892710.0,629965451.0,this,12:00 AM - 23 Feb 2016,1
286892710.0,312398924.0,this,12:00 AM - 23 Feb 2016,1
286892710.0,347889518.0,this,12:00 AM - 23 Feb 2016,1
286892710.0,19019803.0,this,12:00 AM - 23 Feb 2016,1
118763512.0,765079081.0,home,12:00 AM - 23 Feb 2016,1
118763512.0,293710779.0,when,12:00 AM - 23 Feb 2016,1
118763512.0,24691627.0,have,12:00 AM - 23 Feb 2016,1
286892710.0,312398924.0,Dhabi,12:00 AM - 23 Feb 2016,1
286892710.0,249777926.0,Dhabi,12:00 AM - 23 Feb 2016,1
286892710.0,249777926.0,Dhabi,12:00 AM - 23 Feb 2016,1
286892710.0,2453656771.0,Dhabi,12:00 AM - 23 Feb 2016,1
286892710.0,21033096.0,Dhabi,12:00 AM - 23 Feb 2016,1
286892710.0,300429074.0,Dhabi,12:00 AM - 23 Feb 2016,1
286892710.0,391282188.0,Dhabi,12:00 AM - 23 Feb 2016,1
286892710.0,4044833592.0,Dhabi,12:00 AM - 23 Feb 2016,1
286892710.0,4044833592.0,Dhabi,12:00 AM - 23 Feb 2016,1
286892710.0,248626141.0,Dhabi,12:00 AM - 23 Feb 2016,1
286892710.0,220075111.0,Dhabi,12:00 AM - 23 Feb 2016,1
286892710.0,277115591.0,Dhabi,12:00 AM - 23 Feb 2016,1
286892710.0,1867738674.0,Dhabi,12:00 AM - 23 Feb 2016,1
286892710.0,1531774699.0,Dhabi,12:00 AM - 23 Feb 2016,1
286892710.0,2856517828.0,Lets,12:00 AM - 23 Feb 2016,1
286892710.0,454829072.0,Dhabi,12:00 AM - 23 Feb 2016,1
286892710.0,1338389648.0,Dhabi,12:00 AM - 23 Feb 2016,1
286892710.0,556895929.0,Lets,12:00 AM - 23 Feb 2016,1
286892710.0,2453656771.0,Dhabi,12:00 AM - 23 Feb 2016,1
101428813.0,300429074.0,photo,12:00 AM - 23 Feb 2016,1
101428813.0,300429074.0,Just,12:00 AM - 23 Feb 2016,1
101428813.0,300429074.0,posted,12:00 AM - 23 Feb 2016,1
101428813.0,391282188.0,Center,12:00 AM - 23 Feb 2016,1
101428813.0,1565933497.0,photo,12:00 AM - 23 Feb 2016,1
101428813.0,1565933497.0,Just,12:00 AM - 23 Feb 2016,1
101428813.0,1565933497.0,posted,12:00 AM - 23 Feb 2016,1
101428813.0,220075111.0,Just,12:00 AM - 23 Feb 2016,1
101428813.0,347889518.0,photo,12:00 AM - 23 Feb 2016,1
629965451.0,312398924.0,this,12:00 AM - 23 Feb 2016,1
629965451.0,347889518.0,this,12:00 AM - 23 Feb 2016,1
629965451.0,19019803.0,this,12:00 AM - 23 Feb 2016,1
629965451.0,2380974648.0,sketch,12:00 AM - 23 Feb 2016,1
50652724.0,2870687215.0,great,12:00 AM - 23 Feb 2016,1
312398924.0,249777926.0,Dhabi,12:00 AM - 23 Feb 2016,1
312398924.0,249777926.0,Dhabi,12:00 AM - 23 Feb 2016,1
312398924.0,2453656771.0,Dhabi,12:00 AM - 23 Feb 2016,1
312398924.0,21033096.0,Dhabi,12:00 AM - 23 Feb 2016,1
312398924.0,300429074.0,Dhabi,12:00 AM - 23 Feb 2016,1
312398924.0,391282188.0,Dhabi,12:00 AM - 23 Feb 2016,1
312398924.0,4044833592.0,Dhabi,12:00 AM - 23 Feb 2016,1
312398924.0,4044833592.0,Dhabi,12:00 AM - 23 Feb 2016,1
312398924.0,248626141.0,Dhabi,12:00 AM - 23 Feb 2016,1
312398924.0,220075111.0,Dhabi,12:00 AM - 23 Feb 2016,1
312398924.0,347889518.0,this,12:00 AM - 23 Feb 2016,1
312398924.0,277115591.0,Dhabi,12:00 AM - 23 Feb 2016,1
312398924.0,1867738674.0,Dhabi,12:00 AM - 23 Feb 2016,1
312398924.0,1531774699.0,Dhabi,12:00 AM - 23 Feb 2016,1
312398924.0,454829072.0,Dhabi,12:00 AM - 23 Feb 2016,1
312398924.0,1338389648.0,Dhabi,12:00 AM - 23 Feb 2016,1
312398924.0,2453656771.0,Dhabi,12:00 AM - 23 Feb 2016,1
312398924.0,19019803.0,this,12:00 AM - 23 Feb 2016,1
2870687215.0,229883964.0,your,12:00 AM - 23 Feb 2016,1
468828312.0,48045893.0,today,12:00 AM - 23 Feb 2016,1
249777926.0,249777926.0,City,12:00 AM - 23 Feb 2016,1
249777926.0,249777926.0,Dhabi,12:00 AM - 23 Feb 2016,1
249777926.0,249777926.0,Khalifa,12:00 AM - 23 Feb 2016,1
249777926.0,2453656771.0,Dhabi,12:00 AM - 23 Feb 2016,1
249777926.0,21033096.0,Dhabi,12:00 AM - 23 Feb 2016,1
249777926.0,300429074.0,City,12:00 AM - 23 Feb 2016,1
249777926.0,300429074.0,Dhabi,12:00 AM - 23 Feb 2016,1
249777926.0,391282188.0,Dhabi,12:00 AM - 23 Feb 2016,1
249777926.0,4044833592.0,Dhabi,12:00 AM - 23 Feb 2016,1
249777926.0,4044833592.0,Dhabi,12:00 AM - 23 Feb 2016,1
249777926.0,248626141.0,Dhabi,12:00 AM - 23 Feb 2016,1
249777926.0,220075111.0,Dhabi,12:00 AM - 23 Feb 2016,1
249777926.0,277115591.0,Dhabi,12:00 AM - 23 Feb 2016,1
249777926.0,1867738674.0,Dhabi,12:00 AM - 23 Feb 2016,1
249777926.0,1531774699.0,Dhabi,12:00 AM - 23 Feb 2016,1
249777926.0,454829072.0,Dhabi,12:00 AM - 23 Feb 2016,1
249777926.0,1338389648.0,City,12:00 AM - 23 Feb 2016,1
249777926.0,1338389648.0,Dhabi,12:00 AM - 23 Feb 2016,1
249777926.0,2453656771.0,Dhabi,12:00 AM - 23 Feb 2016,1
249777926.0,293670056.0,City,12:00 AM - 23 Feb 2016,1
2870687215.0,54348099.0,time,12:00 AM - 23 Feb 2016,1
2870687215.0,38951171.0,time,12:00 AM - 23 Feb 2016,1
2870687215.0,2380974648.0,weekend,12:00 AM - 23 Feb 2016,1
249777926.0,2453656771.0,Dhabi,12:00 AM - 23 Feb 2016,1
249777926.0,21033096.0,Dhabi,12:00 AM - 23 Feb 2016,1
249777926.0,300429074.0,City,12:00 AM - 23 Feb 2016,1
249777926.0,300429074.0,Dhabi,12:00 AM - 23 Feb 2016,1
249777926.0,391282188.0,Dhabi,12:00 AM - 23 Feb 2016,1
249777926.0,4044833592.0,Dhabi,12:00 AM - 23 Feb 2016,1
249777926.0,4044833592.0,Dhabi,12:00 AM - 23 Feb 2016,1
249777926.0,248626141.0,Dhabi,12:00 AM - 23 Feb 2016,1
249777926.0,220075111.0,Dhabi,12:00 AM - 23 Feb 2016,1
249777926.0,277115591.0,Dhabi,12:00 AM - 23 Feb 2016,1
249777926.0,1867738674.0,Dhabi,12:00 AM - 23 Feb 2016,1
249777926.0,1531774699.0,Dhabi,12:00 AM - 23 Feb 2016,1
249777926.0,454829072.0,Dhabi,12:00 AM - 23 Feb 2016,1
249777926.0,1338389648.0,City,12:00 AM - 23 Feb 2016,1
249777926.0,1338389648.0,Dhabi,12:00 AM - 23 Feb 2016,1
249777926.0,2453656771.0,Dhabi,12:00 AM - 23 Feb 2016,1
249777926.0,293670056.0,City,12:00 AM - 23 Feb 2016,1
2453656771.0,21033096.0,Dhabi,12:00 AM - 23 Feb 2016,1
2453656771.0,300429074.0,Dhabi,12:00 AM - 23 Feb 2016,1
2453656771.0,391282188.0,Dhabi,12:00 AM - 23 Feb 2016,1
2453656771.0,4044833592.0,Dhabi,12:00 AM - 23 Feb 2016,1
2453656771.0,4044833592.0,Dhabi,12:00 AM - 23 Feb 2016,1
2453656771.0,248626141.0,Dhabi,12:00 AM - 23 Feb 2016,1
2453656771.0,220075111.0,Dhabi,12:00 AM - 23 Feb 2016,1
2453656771.0,277115591.0,Dhabi,12:00 AM - 23 Feb 2016,1
2453656771.0,1867738674.0,Dhabi,12:00 AM - 23 Feb 2016,1
2453656771.0,1531774699.0,Dhabi,12:00 AM - 23 Feb 2016,1
2453656771.0,454829072.0,Dhabi,12:00 AM - 23 Feb 2016,1
2453656771.0,1338389648.0,Dhabi,12:00 AM - 23 Feb 2016,1
2453656771.0,2453656771.0,Dhabi,12:00 AM - 23 Feb 2016,1
21033096.0,300429074.0,Dhabi,12:00 AM - 23 Feb 2016,3
21033096.0,391282188.0,Dhabi,12:00 AM - 23 Feb 2016,3
21033096.0,4044833592.0,Dhabi,12:00 AM - 23 Feb 2016,3
21033096.0,4044833592.0,Dhabi,12:00 AM - 23 Feb 2016,3
21033096.0,248626141.0,Dhabi,12:00 AM - 23 Feb 2016,3
21033096.0,220075111.0,Dhabi,12:00 AM - 23 Feb 2016,3
21033096.0,277115591.0,Dhabi,12:00 AM - 23 Feb 2016,3
21033096.0,1867738674.0,Dhabi,12:00 AM - 23 Feb 2016,3
21033096.0,1531774699.0,Dhabi,12:00 AM - 23 Feb 2016,3
21033096.0,454829072.0,Dhabi,12:00 AM - 23 Feb 2016,3
21033096.0,1338389648.0,Dhabi,12:00 AM - 23 Feb 2016,3
21033096.0,2453656771.0,Dhabi,12:00 AM - 23 Feb 2016,3
54348099.0,249831776.0,between,12:00 AM - 23 Feb 2016,1
54348099.0,38951171.0,time,12:00 AM - 23 Feb 2016,1
300429074.0,391282188.0,Dhabi,12:00 AM - 23 Feb 2016,1
300429074.0,4044833592.0,Dhabi,12:00 AM - 23 Feb 2016,1
300429074.0,4044833592.0,Dhabi,12:00 AM - 23 Feb 2016,1
300429074.0,1565933497.0,photo,12:00 AM - 23 Feb 2016,1
300429074.0,1565933497.0,Just,12:00 AM - 23 Feb 2016,1
300429074.0,1565933497.0,posted,12:00 AM - 23 Feb 2016,1
300429074.0,248626141.0,Dhabi,12:00 AM - 23 Feb 2016,1
300429074.0,220075111.0,Dhabi,12:00 AM - 23 Feb 2016,1
300429074.0,220075111.0,Just,12:00 AM - 23 Feb 2016,1
300429074.0,347889518.0,photo,12:00 AM - 23 Feb 2016,1
300429074.0,277115591.0,Dhabi,12:00 AM - 23 Feb 2016,1
300429074.0,1867738674.0,Dhabi,12:00 AM - 23 Feb 2016,1
300429074.0,1531774699.0,Dhabi,12:00 AM - 23 Feb 2016,1
300429074.0,454829072.0,Dhabi,12:00 AM - 23 Feb 2016,1
300429074.0,1338389648.0,City,12:00 AM - 23 Feb 2016,1
300429074.0,1338389648.0,Dhabi,12:00 AM - 23 Feb 2016,1
300429074.0,2453656771.0,Dhabi,12:00 AM - 23 Feb 2016,1
300429074.0,293670056.0,City,12:00 AM - 23 Feb 2016,1
391282188.0,4044833592.0,Dhabi,12:00 AM - 23 Feb 2016,2
391282188.0,4044833592.0,Dhabi,12:00 AM - 23 Feb 2016,2
391282188.0,248626141.0,Dhabi,12:00 AM - 23 Feb 2016,2
391282188.0,220075111.0,Dhabi,12:00 AM - 23 Feb 2016,2
391282188.0,277115591.0,Dhabi,12:00 AM - 23 Feb 2016,2
391282188.0,1867738674.0,Dhabi,12:00 AM - 23 Feb 2016,2
391282188.0,1531774699.0,Dhabi,12:00 AM - 23 Feb 2016,2
391282188.0,454829072.0,Dhabi,12:00 AM - 23 Feb 2016,2
391282188.0,1338389648.0,Dhabi,12:00 AM - 23 Feb 2016,2
391282188.0,2453656771.0,Dhabi,12:00 AM - 23 Feb 2016,2
4044833592.0,4044833592.0,Rotana,12:00 AM - 23 Feb 2016,1
4044833592.0,4044833592.0,Dhabi,12:00 AM - 23 Feb 2016,1
4044833592.0,4044833592.0,Park,12:00 AM - 23 Feb 2016,1
4044833592.0,248626141.0,Dhabi,12:00 AM - 23 Feb 2016,1
4044833592.0,220075111.0,Dhabi,12:00 AM - 23 Feb 2016,1
4044833592.0,277115591.0,Dhabi,12:00 AM - 23 Feb 2016,1
4044833592.0,1867738674.0,Dhabi,12:00 AM - 23 Feb 2016,1
4044833592.0,1531774699.0,Dhabi,12:00 AM - 23 Feb 2016,1
4044833592.0,454829072.0,Dhabi,12:00 AM - 23 Feb 2016,1
4044833592.0,1338389648.0,Dhabi,12:00 AM - 23 Feb 2016,1
4044833592.0,2453656771.0,Dhabi,12:00 AM - 23 Feb 2016,1
4044833592.0,248626141.0,Dhabi,12:00 AM - 23 Feb 2016,1
4044833592.0,220075111.0,Dhabi,12:00 AM - 23 Feb 2016,1
4044833592.0,277115591.0,Dhabi,12:00 AM - 23 Feb 2016,1
4044833592.0,1867738674.0,Dhabi,12:00 AM - 23 Feb 2016,1
4044833592.0,1531774699.0,Dhabi,12:00 AM - 23 Feb 2016,1
4044833592.0,454829072.0,Dhabi,12:00 AM - 23 Feb 2016,1
4044833592.0,1338389648.0,Dhabi,12:00 AM - 23 Feb 2016,1
4044833592.0,2453656771.0,Dhabi,12:00 AM - 23 Feb 2016,1
1565933497.0,220075111.0,Just,12:00 AM - 23 Feb 2016,1
1565933497.0,2153020994.0,Mohamed,12:00 AM - 23 Feb 2016,1
1565933497.0,347889518.0,photo,12:00 AM - 23 Feb 2016,1
81861754.0,2856517828.0,#abudhabi,12:00 AM - 23 Feb 2016,1
81861754.0,431718684.0,#abudhabi,12:00 AM - 23 Feb 2016,1
81861754.0,220075111.0,#abudhabi,12:00 AM - 23 Feb 2016,1
81861754.0,233603393.0,#abudhabi,12:00 AM - 23 Feb 2016,1
81861754.0,1338389648.0,#evening,12:00 AM - 23 Feb 2016,1
81861754.0,1338389648.0,#abudhabi,12:00 AM - 23 Feb 2016,1
81861754.0,1338389648.0,#uae,12:00 AM - 23 Feb 2016,1
81861754.0,1127752910.0,#uae,12:00 AM - 23 Feb 2016,1
81861754.0,19019803.0,#abudhabi,12:00 AM - 23 Feb 2016,1
81861754.0,19019803.0,#uae,12:00 AM - 23 Feb 2016,1
431718684.0,248626141.0,beautiful,12:00 AM - 23 Feb 2016,1
431718684.0,431718684.0,#mosque,12:00 AM - 23 Feb 2016,1
431718684.0,431718684.0,#religion,12:00 AM - 23 Feb 2016,1
431718684.0,1267822722.0,Sheikh,12:00 AM - 23 Feb 2016,1
431718684.0,2556089809.0,beautiful,12:00 AM - 23 Feb 2016,1
431718684.0,293670056.0,Zayed,12:00 AM - 23 Feb 2016,1
431718684.0,28578076.0,most,12:00 AM - 23 Feb 2016,1
2856517828.0,431718684.0,#abudhabi,12:00 AM - 23 Feb 2016,1
2856517828.0,220075111.0,#abudhabi,12:00 AM - 23 Feb 2016,1
2856517828.0,233603393.0,#abudhabi,12:00 AM - 23 Feb 2016,1
2856517828.0,2856517828.0,#LatinLadiesNight,12:00 AM - 23 Feb 2016,1
2856517828.0,1338389648.0,#abudhabi,12:00 AM - 23 Feb 2016,1
2856517828.0,19019803.0,#abudhabi,12:00 AM - 23 Feb 2016,1
285952883.0,188902985.0,esta,12:00 AM - 23 Feb 2016,2
248626141.0,220075111.0,Dhabi,12:00 AM - 23 Feb 2016,1
248626141.0,277115591.0,Dhabi,12:00 AM - 23 Feb 2016,1
248626141.0,1867738674.0,Dhabi,12:00 AM - 23 Feb 2016,1
248626141.0,1531774699.0,Dhabi,12:00 AM - 23 Feb 2016,1
248626141.0,2556089809.0,beautiful,12:00 AM - 23 Feb 2016,1
248626141.0,454829072.0,Dhabi,12:00 AM - 23 Feb 2016,1
248626141.0,1338389648.0,Dhabi,12:00 AM - 23 Feb 2016,1
248626141.0,2453656771.0,Dhabi,12:00 AM - 23 Feb 2016,1
2684296932.0,42911831.0,from,12:00 AM - 23 Feb 2016,1
2684296932.0,2380974648.0,from,12:00 AM - 23 Feb 2016,1
431718684.0,220075111.0,#abudhabi,12:00 AM - 23 Feb 2016,1
431718684.0,233603393.0,#abudhabi,12:00 AM - 23 Feb 2016,1
431718684.0,1338389648.0,#abudhabi,12:00 AM - 23 Feb 2016,1
431718684.0,19019803.0,#abudhabi,12:00 AM - 23 Feb 2016,1
220075111.0,277115591.0,Dhabi,12:00 AM - 23 Feb 2016,2
220075111.0,1867738674.0,Dhabi,12:00 AM - 23 Feb 2016,2
220075111.0,1531774699.0,Dhabi,12:00 AM - 23 Feb 2016,2
220075111.0,233603393.0,#abudhabi,12:00 AM - 23 Feb 2016,1
220075111.0,454829072.0,Dhabi,12:00 AM - 23 Feb 2016,2
220075111.0,1338389648.0,#abudhabi,12:00 AM - 23 Feb 2016,1
220075111.0,1338389648.0,Dhabi,12:00 AM - 23 Feb 2016,2
220075111.0,2453656771.0,Dhabi,12:00 AM - 23 Feb 2016,2
220075111.0,19019803.0,#abudhabi,12:00 AM - 23 Feb 2016,1
347889518.0,233603393.0,love,12:00 AM - 23 Feb 2016,1
347889518.0,19019803.0,this,12:00 AM - 23 Feb 2016,1
1267822722.0,190906174.0,with,12:00 AM - 23 Feb 2016,1
1267822722.0,2856517828.0,with,12:00 AM - 23 Feb 2016,1
1267822722.0,765079081.0,with,12:00 AM - 23 Feb 2016,1
1267822722.0,129628680.0,with,12:00 AM - 23 Feb 2016,1
1267822722.0,35626984.0,with,12:00 AM - 23 Feb 2016,1
277115591.0,1867738674.0,United,12:00 AM - 23 Feb 2016,1
277115591.0,1867738674.0,Dhabi,12:00 AM - 23 Feb 2016,1
277115591.0,1531774699.0,Dhabi,12:00 AM - 23 Feb 2016,1
277115591.0,454829072.0,Dhabi,12:00 AM - 23 Feb 2016,1
277115591.0,1338389648.0,Dhabi,12:00 AM - 23 Feb 2016,1
277115591.0,2453656771.0,Dhabi,12:00 AM - 23 Feb 2016,1
1867738674.0,1531774699.0,Dhabi,12:00 AM - 23 Feb 2016,1
1867738674.0,454829072.0,Dhabi,12:00 AM - 23 Feb 2016,1
1867738674.0,1338389648.0,Dhabi,12:00 AM - 23 Feb 2016,1
1867738674.0,2453656771.0,Dhabi,12:00 AM - 23 Feb 2016,1
190906174.0,2856517828.0,with,12:00 AM - 23 Feb 2016,1
190906174.0,765079081.0,with,12:00 AM - 23 Feb 2016,1
190906174.0,129628680.0,with,12:00 AM - 23 Feb 2016,1
190906174.0,35626984.0,with,12:00 AM - 23 Feb 2016,1
1531774699.0,454829072.0,Dhabi,12:00 AM - 23 Feb 2016,1
1531774699.0,1338389648.0,Dhabi,12:00 AM - 23 Feb 2016,1
1531774699.0,2453656771.0,Dhabi,12:00 AM - 23 Feb 2016,1
233603393.0,1338389648.0,#abudhabi,12:00 AM - 23 Feb 2016,1
233603393.0,19019803.0,#abudhabi,12:00 AM - 23 Feb 2016,1
2856517828.0,556895929.0,Lets,12:00 AM - 23 Feb 2016,1
2856517828.0,765079081.0,with,12:00 AM - 23 Feb 2016,1
2856517828.0,129628680.0,with,12:00 AM - 23 Feb 2016,1
2856517828.0,35626984.0,with,12:00 AM - 23 Feb 2016,1
454829072.0,1338389648.0,Dhabi,12:00 AM - 23 Feb 2016,1
454829072.0,2453656771.0,Dhabi,12:00 AM - 23 Feb 2016,1
1338389648.0,1127752910.0,#uae,12:00 AM - 23 Feb 2016,1
1338389648.0,2453656771.0,Dhabi,12:00 AM - 23 Feb 2016,2
1338389648.0,293670056.0,City,12:00 AM - 23 Feb 2016,1
1338389648.0,19019803.0,#abudhabi,12:00 AM - 23 Feb 2016,1
1338389648.0,19019803.0,#uae,12:00 AM - 23 Feb 2016,1
1127752910.0,19019803.0,#uae,12:00 AM - 23 Feb 2016,1
1127752910.0,42485388.0,#beach,12:00 AM - 23 Feb 2016,1
765079081.0,129628680.0,with,12:00 AM - 23 Feb 2016,1
765079081.0,35626984.0,with,12:00 AM - 23 Feb 2016,1
129628680.0,35626984.0,with,12:00 AM - 23 Feb 2016,1
229883964.0,42485388.0,Beach,12:00 AM - 23 Feb 2016,1
229883964.0,42485388.0,South,12:00 AM - 23 Feb 2016,1
229883964.0,385481756.0,Maimi,12:00 AM - 23 Feb 2016,1
229883964.0,7090132.0,Beach,12:00 AM - 23 Feb 2016,1
3331896981.0,188902985.0,Miami,12:00 AM - 23 Feb 2016,1
3331896981.0,62131700.0,Miami,12:00 AM - 23 Feb 2016,1
3331896981.0,42485388.0,Miami,12:00 AM - 23 Feb 2016,1
3331896981.0,20874461.0,Miami,12:00 AM - 23 Feb 2016,1
77303429.0,185789961.0,Hollywood,12:00 AM - 23 Feb 2016,1
77303429.0,138418838.0,Hollywood,12:00 AM - 23 Feb 2016,1
77303429.0,186478529.0,Hollywood,12:00 AM - 23 Feb 2016,1
185789961.0,138418838.0,Latinos,12:00 AM - 23 Feb 2016,2
185789961.0,138418838.0,#Stigmabase,12:00 AM - 23 Feb 2016,1
185789961.0,138418838.0,least,12:00 AM - 23 Feb 2016,1
185789961.0,138418838.0,represented,12:00 AM - 23 Feb 2016,1
185789961.0,138418838.0,Least,12:00 AM - 23 Feb 2016,1
185789961.0,138418838.0,in,12:00 AM - 23 Feb 2016,1
185789961.0,138418838.0,Represented,12:00 AM - 23 Feb 2016,1
185789961.0,138418838.0,Hollywood,12:00 AM - 23 Feb 2016,1
185789961.0,186478529.0,Latinos,12:00 AM - 23 Feb 2016,2
185789961.0,186478529.0,#Stigmabase,12:00 AM - 23 Feb 2016,1
185789961.0,186478529.0,least,12:00 AM - 23 Feb 2016,1
185789961.0,186478529.0,represented,12:00 AM - 23 Feb 2016,1
185789961.0,186478529.0,Least,12:00 AM - 23 Feb 2016,1
185789961.0,186478529.0,in,12:00 AM - 23 Feb 2016,1
185789961.0,186478529.0,Represented,12:00 AM - 23 Feb 2016,1
185789961.0,186478529.0,Hollywood,12:00 AM - 23 Feb 2016,1
138418838.0,186478529.0,Latinos,12:00 AM - 23 Feb 2016,2
138418838.0,186478529.0,#Stigmabase,12:00 AM - 23 Feb 2016,1
138418838.0,186478529.0,least,12:00 AM - 23 Feb 2016,1
138418838.0,186478529.0,represented,12:00 AM - 23 Feb 2016,1
138418838.0,186478529.0,Least,12:00 AM - 23 Feb 2016,1
138418838.0,186478529.0,in,12:00 AM - 23 Feb 2016,1
138418838.0,186478529.0,Represented,12:00 AM - 23 Feb 2016,1
138418838.0,186478529.0,Hollywood,12:00 AM - 23 Feb 2016,1
40561514.0,188902985.0,Florida,12:00 AM - 23 Feb 2016,1
40561514.0,385481756.0,Florida,12:00 AM - 23 Feb 2016,1
40561514.0,2380974648.0,Florida,12:00 AM - 23 Feb 2016,1
188902985.0,62131700.0,Miami,12:00 AM - 23 Feb 2016,1
188902985.0,42485388.0,Miami,12:00 AM - 23 Feb 2016,1
188902985.0,20874461.0,Miami,12:00 AM - 23 Feb 2016,1
188902985.0,385481756.0,Florida,12:00 AM - 23 Feb 2016,1
188902985.0,2380974648.0,Florida,12:00 AM - 23 Feb 2016,1
452615539.0,452615539.0,tattoos,12:00 AM - 23 Feb 2016,1
452615539.0,452615539.0,Tattoos,12:00 AM - 23 Feb 2016,1
452615539.0,452615539.0,Simple,12:00 AM - 23 Feb 2016,1
452615539.0,452615539.0,Traditional,12:00 AM - 23 Feb 2016,2
452615539.0,452615539.0,palm,12:00 AM - 23 Feb 2016,1
452615539.0,452615539.0,Piercings,12:00 AM - 23 Feb 2016,1
452615539.0,452615539.0,Dermals,12:00 AM - 23 Feb 2016,1
452615539.0,452615539.0,Tuesdays,12:00 AM - 23 Feb 2016,1
452615539.0,452615539.0,size,12:00 AM - 23 Feb 2016,1
62131700.0,42485388.0,Miami,12:00 AM - 23 Feb 2016,1
62131700.0,20874461.0,Miami,12:00 AM - 23 Feb 2016,1
42911831.0,2380974648.0,from,12:00 AM - 23 Feb 2016,1
42485388.0,20874461.0,Miami,12:00 AM - 23 Feb 2016,1
42485388.0,7090132.0,Beach,12:00 AM - 23 Feb 2016,1
385481756.0,2380974648.0,Florida,12:00 AM - 23 Feb 2016,2
